1,"Arvest(Bentonville, Arkansas)Type: Checking",Bank Deposit,Joint,"$15,001 - $50,000",Interest,None (or less than $201)
2,"Fed Credit Union(Washington, DC)Type: Checking, Savings",Bank Deposit,Joint,"$1,001 - $15,000",Interest,None (or less than $201)
3,"Senate Credit Union(Washington, DC)Type: Checking",Bank Deposit,Self,"$1,001 - $15,000",Interest,None (or less than $201)
4,Merrill Lynch Account,Brokerage/Managed Account,Joint,--,,
4.1,U.S. Treasury BillsRate/Coupon: None  Matures: None,Government SecuritiesUS Treasury/Agency Security,Joint,"$50,001 - $100,000",Interest,"$2,501 - $5,000"
5,"Invesco Short Term MM(Atlanta, GA)Type: Money Market Account",Bank Deposit,Joint,"$1,001 - $15,000",Interest,"$201 - $1,000"
6,ABG Bond Fund,Mutual FundsMutual Fund,Joint,"$100,001 - $250,000",Interest,"$2,501 - $5,000"
7,ABG Equity Fund,Mutual FundsMutual Fund,Joint,"$50,001 - $100,000",Interest,"$1,001 - $2,500"
8,John Boozman IRA,Retirement PlansIRA,Joint,--,,
8.1,TBLL - Invesco Short Term Treasury ETF,Mutual FundsExchange Traded Fund/Note,Joint,"$50,001 - $100,000",Interest,"$201 - $1,000"
8.2,EBAY - Ebay Inc,Corporate SecuritiesStock,Joint,"None (or less than $1,001)",None,None (or less than $201)
8.3,ECL - Ecolab Inc. Common Stock,Corporate SecuritiesStock,Joint,"$1,001 - $15,000",None,None (or less than $201)
8.4,"FBIN - Fortune Brands Innovations, Inc. Common Stock",Corporate SecuritiesStock,Joint,"None (or less than $1,001)",None,None (or less than $201)
8.5,"LOW - Lowe's Companies, Inc. Common Stock",Corporate SecuritiesStock,Joint,"$1,001 - $15,000",None,None (or less than $201)
8.6,OMC - Omnicom Group Inc. Common Stock,Corporate SecuritiesStock,Joint,"$1,001 - $15,000",None,None (or less than $201)
8.7,QSR - Restaurant Brands International Inc. Common Shares,Corporate SecuritiesStock,Joint,"None (or less than $1,001)",None,None (or less than $201)
8.8,"MDLZ - Mondelez International, Inc. - Class A Common Stoc",Corporate SecuritiesStock,Joint,"$1,001 - $15,000",None,None (or less than $201)
8.9,PG - Procter & Gamble Company,Corporate SecuritiesStock,Joint,"$1,001 - $15,000",None,None (or less than $201)
8.10,COP - Conocophillips,Corporate SecuritiesStock,Joint,"$1,001 - $15,000",None,None (or less than $201)
8.11,VLO - Valero Energy Corporation Common Stock,Corporate SecuritiesStock,Joint,"None (or less than $1,001)",None,None (or less than $201)
8.12,BAC - Bank of America Corporation Common Stock,Corporate SecuritiesStock,Joint,"$1,001 - $15,000",None,None (or less than $201)
8.13,COF - Capital One Financial Corp,Corporate SecuritiesStock,Joint,"$1,001 - $15,000",None,None (or less than $201)
8.14,JPM - JP Morgan Chase & Co. Common Stock,Corporate SecuritiesStock,Joint,"$1,001 - $15,000",None,None (or less than $201)
8.15,"TRV - The Travelers Companies, Inc. Common Stock",Corporate SecuritiesStock,Joint,"$1,001 - $15,000",None,None (or less than $201)
8.16,ABBV - AbbVie Inc. Common Stock,Corporate SecuritiesStock,Joint,"$1,001 - $15,000",None,None (or less than $201)
8.17,GILD - Gilead Sciences Inc,Corporate SecuritiesStock,Joint,"None (or less than $1,001)",None,None (or less than $201)
8.18,"IQV - IQVIA Holdings, Inc. Common Stock",Corporate SecuritiesStock,Joint,"$1,001 - $15,000",None,None (or less than $201)
8.19,JNJ - Johnson & Johnson,Corporate SecuritiesStock,Joint,"$1,001 - $15,000",None,None (or less than $201)
8.20,PFE - Pfizer Inc,Corporate SecuritiesStock,Joint,"None (or less than $1,001)",None,None (or less than $201)
8.21,GD - General Dynamics Corporation Common Stock,Corporate SecuritiesStock,Joint,"$1,001 - $15,000",None,None (or less than $201)
8.22,HON - Honeywell International Inc. Common Stock,Corporate SecuritiesStock,Joint,"$1,001 - $15,000",None,None (or less than $201)
8.23,UNP - Union Pacific Corp,Corporate SecuritiesStock,Joint,"$1,001 - $15,000",None,None (or less than $201)
8.24,ACN - Accenture plc Class A Ordinary Shares (Ireland),Corporate SecuritiesStock,Joint,"$1,001 - $15,000",None,None (or less than $201)
8.25,AAPL - Apple Inc,Corporate SecuritiesStock,Joint,"$1,001 - $15,000",None,None (or less than $201)
8.26,CSCO - Cisco Systems Inc,Corporate SecuritiesStock,Joint,"None (or less than $1,001)",None,None (or less than $201)
8.27,"FISV - Fiserv, Inc. - Common Stock",Corporate SecuritiesStock,Joint,"$1,001 - $15,000",None,None (or less than $201)
8.28,HPQ - HP Inc. Common Stock,Corporate SecuritiesStock,Joint,"None (or less than $1,001)",None,None (or less than $201)
8.29,LRCX - Lam Research Corporation - Common Stock,Corporate SecuritiesStock,Joint,"$1,001 - $15,000",None,None (or less than $201)
8.30,MU - Micron Technology,Corporate SecuritiesStock,Joint,"$1,001 - $15,000",None,None (or less than $201)
8.31,DIS - Walt Disney Company (The) Common Stock,Corporate SecuritiesStock,Joint,"None (or less than $1,001)",None,None (or less than $201)
8.32,DTE - Dte Energy Company,Corporate SecuritiesStock,Joint,"None (or less than $1,001)",None,None (or less than $201)
8.33,WWSYX - Westwood Smallcap Fund Class Y,Mutual FundsExchange Traded Fund/Note,Joint,"$15,001 - $50,000",None,None (or less than $201)
8.34,EMLP - First Trust North American Energy Infrastructure F,Mutual FundsExchange Traded Fund/Note,Joint,"None (or less than $1,001)",None,None (or less than $201)
8.35,FLJP - Franklin FTSE Japan ETF,Mutual FundsExchange Traded Fund/Note,Joint,"$15,001 - $50,000",None,None (or less than $201)
8.36,GEM - GS Activebeta Emerging Markets Equity ETF,Mutual FundsExchange Traded Fund/Note,Joint,"$50,001 - $100,000",None,None (or less than $201)
8.37,"QQQ - Invesco QQQ Trust, Series 1",Mutual FundsMutual Fund,Joint,"None (or less than $1,001)",None,None (or less than $201)
8.38,EFA - iShares MSCI EAFE ETF,Mutual FundsMutual Fund,Joint,"$50,001 - $100,000",None,None (or less than $201)
8.39,IWM - iShares Russell 2000 ETF,Mutual FundsMutual Fund,Joint,"$50,001 - $100,000",None,None (or less than $201)
8.40,IVW - iShares S&P 500 Growth ETF,Mutual FundsMutual Fund,Joint,"$1,001 - $15,000",None,None (or less than $201)
8.41,BSPIX - Ishares S&P 500 Index Fund - Institutional,Mutual FundsMutual Fund,Joint,"$50,001 - $100,000",None,None (or less than $201)
8.42,BBEU - JPMorgan BetaBuilders Europe ETF,Mutual FundsExchange Traded Fund/Note,Joint,"$15,001 - $50,000",None,None (or less than $201)
8.43,TPYP - Tortoise North American Pipeline ETF,Mutual FundsMutual Fund,Joint,"$50,001 - $100,000",None,None (or less than $201)
8.44,MDY - S&P Midcap 400 SPDR,Mutual FundsExchange Traded Fund/Note,Joint,"$50,001 - $100,000",None,None (or less than $201)
8.45,SPY - S&P 500 SPDR,Mutual FundsExchange Traded Fund/Note,Joint,"None (or less than $1,001)",None,None (or less than $201)
8.46,KRE - SPDR S&P Regional Banking ETF,Mutual FundsMutual Fund,Joint,"None (or less than $1,001)",None,None (or less than $201)
8.47,EMRZX - Emerging Markets Fund Class Z,Mutual FundsMutual Fund,Joint,"None (or less than $1,001)",None,None (or less than $201)
8.48,VWO - Vanguard FTSE Emerging Markets ETF,Mutual FundsExchange Traded Fund/Note,Joint,"$1,001 - $15,000",None,None (or less than $201)
8.49,VEA - Vanguard FTSE Developed Markets ETF,Mutual FundsExchange Traded Fund/Note,Joint,"$50,001 - $100,000",None,None (or less than $201)
8.50,GBIL - Goldman Sachs Access Treasury 0-1 Year ETF,Mutual FundsExchange Traded Fund/Note,Joint,"$15,001 - $50,000",None,None (or less than $201)
8.51,TLT - iShares 20+ Year Treasury Bond ETF,Mutual FundsExchange Traded Fund/Note,Joint,"$1,001 - $15,000",None,None (or less than $201)
8.52,IEF - iShares 7-10 Year Treasury Bond ETF,Mutual FundsMutual Fund,Joint,"$50,001 - $100,000",None,None (or less than $201)
8.53,SHY - iShares 1-3 Year Treasury Bond ETF,Mutual FundsMutual Fund,Joint,"$15,001 - $50,000",None,None (or less than $201)
8.54,AGZ - iShares  Agency Bond ETF,Mutual FundsMutual Fund,Joint,"$50,001 - $100,000",None,None (or less than $201)
8.55,TLH - iShares 10-20 Year Treasury Bond ETF,Mutual FundsMutual Fund,Joint,"$15,001 - $50,000",None,None (or less than $201)
8.56,IEI - iShares 3-7 Year Treasury Bond ETF,Mutual FundsMutual Fund,Joint,"$50,001 - $100,000",None,None (or less than $201)
8.57,SCHP - Schwab U.S. TIPS ETF,Mutual FundsExchange Traded Fund/Note,Joint,"$15,001 - $50,000",None,None (or less than $201)
8.58,DBLEX - Doubleline Emerging Markets Income Fund Class I,Corporate SecuritiesStock,Joint,"$1,001 - $15,000",None,None (or less than $201)
8.59,GIGB - Goldman Sachs Access Investment Grade Corporate Bo,Corporate SecuritiesStock,Joint,"$100,001 - $250,000",None,None (or less than $201)
8.60,MBB - iShares MBS ETF,Mutual FundsExchange Traded Fund/Note,Joint,"$100,001 - $250,000",None,None (or less than $201)
8.61,CMBS - CMBS Ishares ETF,Mutual FundsMutual Fund,Joint,"$100,001 - $250,000",None,None (or less than $201)
8.62,JMBS - Janus Henderson Mortgage-Backed Securities ETF,Mutual FundsExchange Traded Fund/Note,Joint,"$100,001 - $250,000",None,None (or less than $201)
8.63,PALL - abrdn Physical Palladium Shares ETF,Mutual FundsExchange Traded Fund/Note,Joint,"$1,001 - $15,000",None,None (or less than $201)
8.64,PPLT - abrdn Physical Platinum Shares ETF,Mutual FundsExchange Traded Fund/Note,Joint,"$1,001 - $15,000",None,None (or less than $201)
8.65,SLV - iShares Silver Trust,Mutual FundsMutual Fund,Joint,"$1,001 - $15,000",None,None (or less than $201)
8.66,VNQI - Vanguard Global ex-U.S. Real Estate ETF,Mutual FundsExchange Traded Fund/Note,Joint,"$15,001 - $50,000",None,None (or less than $201)
8.67,GOOGL - Alphabet Inc. - Class A Common Stock,Corporate SecuritiesStock,Joint,"$1,001 - $15,000",None,None (or less than $201)
8.68,"AMAT - Applied Materials, Inc. - Common Stock",Corporate SecuritiesStock,Joint,"$1,001 - $15,000",None,None (or less than $201)
8.69,MSFT - Microsoft Corp,Corporate SecuritiesStock,Joint,"$1,001 - $15,000",None,None (or less than $201)
8.70,"MSI - Motorola Solutions, Inc. Common Stock",Corporate SecuritiesStock,Joint,"$1,001 - $15,000",None,None (or less than $201)
8.71,AAXJ - iShares MSCI All Country Asia ex Japan ETF,Corporate SecuritiesStock,Joint,"None (or less than $1,001)",None,None (or less than $201)
8.72,SCZ - iShares MSCI EAFE Small-Cap ETF,Corporate SecuritiesStock,Joint,"$15,001 - $50,000",None,None (or less than $201)
8.73,DALCX - Dean Mid Cap Value Fund No-Load,Corporate SecuritiesStock,Joint,"$1,001 - $15,000",None,None (or less than $201)
8.74,FTGC - First Trust Global Tactical Commodity Strategy Fun,Corporate SecuritiesStock,Joint,"$15,001 - $50,000",None,None (or less than $201)
8.75,"SMCI - Super Micro Computer, Inc. - Common Stock",Corporate SecuritiesStock,Joint,"None (or less than $1,001)",None,None (or less than $201)
8.76,"CRM - Salesforce, Inc. Common Stock",Corporate SecuritiesStock,Joint,"None (or less than $1,001)",None,None (or less than $201)
8.77,URNM - Sprott Uranium Miners ETF,Corporate SecuritiesStock,Joint,"None (or less than $1,001)",None,None (or less than $201)
8.78,COLPAL - Colgate Palmolive LTD,Corporate SecuritiesStock,Joint,"None (or less than $1,001)",None,None (or less than $201)
8.79,HYG - iShares iBoxx $ High Yield Corporate Bond ETF,Corporate SecuritiesStock,Joint,"None (or less than $1,001)",None,None (or less than $201)
8.80,UNH - UnitedHealth Group Incorporated Common Stock (DE),Corporate SecuritiesStock,Joint,"None (or less than $1,001)",None,None (or less than $201)
8.81,MA - Mastercard Incorporated Common Stock,Corporate SecuritiesStock,Joint,"$1,001 - $15,000",None,None (or less than $201)
8.82,"NRG - NRG Energy, Inc. Common Stock",Corporate SecuritiesStock,Joint,"$1,001 - $15,000",None,None (or less than $201)
8.83,NVDA - NVIDIA Corporation - Common Stock,Corporate SecuritiesStock,Joint,"$1,001 - $15,000",None,None (or less than $201)
8.84,"AMZN - Amazon.com, Inc. - Common Stock",Corporate SecuritiesStock,Joint,"$1,001 - $15,000",None,None (or less than $201)
8.85,AXP - American Express Company Common Stock,Corporate SecuritiesStock,Joint,"$1,001 - $15,000",None,None (or less than $201)
8.86,BSX - Boston Scientific Corporation Common Stock,Corporate SecuritiesStock,Joint,"$1,001 - $15,000",None,None (or less than $201)
8.87,LITP - Sprott Lithium Miners ETF,Corporate SecuritiesStock,Joint,"$1,001 - $15,000",None,None (or less than $201)
8.88,AVGO,Corporate SecuritiesStock,Joint,"$1,001 - $15,000",None,None (or less than $201)
8.89,"META - Meta Platforms, Inc. - Class A Common Stock",Corporate SecuritiesStock,Joint,"$1,001 - $15,000",None,None (or less than $201)
8.90,ORCL - Oracle Corporation Common Stock,Corporate SecuritiesStock,Joint,"$1,001 - $15,000",None,None (or less than $201)
8.91,ATO - Atmos Energy Corporation Common Stock,Corporate SecuritiesStock,Joint,"$1,001 - $15,000",None,None (or less than $201)
8.92,"HD - Home Depot, Inc. (The) Common Stock",Corporate SecuritiesStock,Joint,"$1,001 - $15,000",None,None (or less than $201)
8.93,RTX - RTX Corporation Common Stock,Corporate SecuritiesStock,Joint,"$1,001 - $15,000",None,None (or less than $201)
8.94,BRK.B - Berkshire Hathaway Inc. New Common Stock,Corporate SecuritiesStock,Joint,"$1,001 - $15,000",None,None (or less than $201)
8.95,WMT - Walmart Inc. - Common Stock,Corporate SecuritiesStock,Joint,"$1,001 - $15,000",None,None (or less than $201)
8.96,"AMD - Advanced Micro Devices, Inc. - Common Stock",Corporate SecuritiesStock,Joint,"$1,001 - $15,000",None,None (or less than $201)
8.97,LLY - Eli Lilly and Company Common Stock,Corporate SecuritiesStock,Joint,"$1,001 - $15,000",None,None (or less than $201)
8.98,RNWGX - NEW WORLD FUND INC - Class R-6,Corporate SecuritiesStock,Joint,"$50,001 - $100,000",None,None (or less than $201)
8.99,"ETN - Eaton Corporation, PLC Ordinary Shares",Corporate SecuritiesStock,Joint,"None (or less than $1,001)",None,None (or less than $201)
8.100,COST - Costco Wholesale Corporation - Common Stock,Corporate SecuritiesStock,Joint,"$1,001 - $15,000",None,None (or less than $201)
8.101,EIPI - FT Energy Income Partners Enhanced Income ETF,Corporate SecuritiesStock,Joint,"$15,001 - $50,000",None,None (or less than $201)
8.102,"ANET - Arista Networks, Inc. Common Stock",Corporate SecuritiesStock,Joint,"$1,001 - $15,000",None,None (or less than $201)
8.103,"PYPL - PayPal Holdings, Inc. - Common Stock",Corporate SecuritiesStock,Joint,"$1,001 - $15,000",None,None (or less than $201)
8.104,WFC - Wells Fargo & Company Common Stock,Corporate SecuritiesStock,Joint,"$1,001 - $15,000",None,None (or less than $201)
8.105,GE - GE Aerospace Common Stock,Corporate SecuritiesStock,Joint,"$1,001 - $15,000",None,None (or less than $201)
8.106,ADBE - Adobe Inc. - Common Stock,Corporate SecuritiesStock,Joint,"$1,001 - $15,000",None,None (or less than $201)
8.107,SPYM - Tradr 2X Long SPY Monthly ETF,Corporate SecuritiesStock,Joint,"$15,001 - $50,000",None,None (or less than $201)
8.108,IJR - iShares Core S&P Small-Cap ETF,Corporate SecuritiesStock,Joint,"$1,001 - $15,000",None,None (or less than $201)
8.109,IVV - iShares Core S&P 500 ETF,Corporate SecuritiesStock,Joint,"$50,001 - $100,000",None,None (or less than $201)
8.110,RNWAX - NEW WORLD FUND INC - Class R-1,Corporate SecuritiesStock,Joint,"$50,001 - $100,000",None,None (or less than $201)
9,"Marcus(Draper, Utah)Type: Certificate of Deposit, Savings",Bank Deposit,Joint,"$100,001 - $250,000",Interest,"$2,501 - $5,000"
10,"Rocky Branch Resorts, LLC (1/4 interest)Description: Rental property and undeveloped land (Rogers, Arkansas)",Real EstateCommercial,Joint,"$250,001 - $500,000",None,None (or less than $201)
11,Northwestern Mutual Whole LifeProvider: Northwestern Mutual,Life InsuranceWhole,Self,"$50,001 - $100,000",Dividends,"$1,001 - $2,500"
12,"Cotswalds Partners, LLC (1/3 Interest)Company: Cotswalds Partners, LLC (1/3 interest) (Rogers, Arkansas) Description: Real Estate Unimproved Land",Business EntityLimited Liability Company (LLC),Joint,--,,
12.1,"Lot MDescription: Unimproved Land (Rogers, Arkansas)",Real EstateUnimproved Land,Joint,"$50,001 - $100,000",None,None (or less than $201)
12.2,"Lot NDescription: Unimproved Land (Rogers, Arkansas)",Real EstateUnimproved Land,Joint,"$50,001 - $100,000",None,None (or less than $201)
12.3,"Lot RDescription: Unimproved Land (Rogers, Arkansas)",Real EstateUnimproved Land,Joint,"$50,001 - $100,000",None,None (or less than $201)
12.4,"Lot TDescription: Unimproved Land (Rogers, Arkansas)",Real EstateUnimproved Land,Joint,"None (or less than $1,001)",None,None (or less than $201)
12.5,"Lot UDescription: Unimproved Land (Rogers, Arkansas)",Real EstateUnimproved Land,Joint,"None (or less than $1,001)",None,None (or less than $201)
12.6,"Lot YDescription: Unimproved Land (Rogers, Arkansas)",Real EstateUnimproved Land,Joint,"None (or less than $1,001)",None,None (or less than $201)
12.7,"Lot ZDescription: Unimproved Land (Rogers, Arkansas)",Real EstateUnimproved Land,Joint,"None (or less than $1,001)",None,None (or less than $201)
12.8,"Lot HHDescription: Unimproved Land (Rogers, Arkansas)",Real EstateUnimproved Land,Joint,"$50,001 - $100,000",None,None (or less than $201)
12.9,"Lot II Description: Unimproved Land (Rogers, Arkansas)",Real EstateUnimproved Land,Joint,"$50,001 - $100,000",None,None (or less than $201)
