1,"WSFS Bank(Wilmington, DE)Type: Checking",Bank Deposit,Joint,"$100,001 - $250,000",Interest,None (or less than $201)
2,"W.L. Gore & Associates Inc.Company: W.L. Gore & Associates Inc. (Newark, DE) Description: Manufacturing",Corporate SecuritiesNon-Public Stock,Self,"$1,000,001 - $5,000,000",Dividends,"$15,001 - $50,000"
3,NFS/FMTC IRA FBO Christopher A Coons,Retirement PlansIRA,Self,--,,
3.1,GQGIX - Gqg Partners Emerging Markets Equity Fund Instit,Mutual FundsMutual Fund,Self,"$1,001 - $15,000",Excepted Investment Fund,None (or less than $201)
3.2,RGERX - Columbia Select Global Equity Fund Class I2,Mutual FundsMutual Fund,Self,"$1,001 - $15,000",Excepted Investment Fund,None (or less than $201)
3.3,RAIIX - Rainier International Discovery Series - Class I,Mutual FundsMutual Fund,Self,"$15,001 - $50,000",Excepted Investment Fund,None (or less than $201)
3.4,VWUAX - Vanguard  U.S. Growth Fund Admiral Shares,Mutual FundsMutual Fund,Self,"$15,001 - $50,000",Excepted Investment Fund,None (or less than $201)
3.5,VGISX - Virtus Duff & Phelps Global Real Estate Securiti,Mutual FundsMutual Fund,Self,"$1,001 - $15,000",Excepted Investment Fund,None (or less than $201)
3.6,PLSRX - Aristotle Strategic Income Fund I,Mutual FundsMutual Fund,Self,"$15,001 - $50,000",Excepted Investment Fund,None (or less than $201)
3.7,BSBIX - Baird Short Term Bond Fund Institutional Class,Mutual FundsMutual Fund,Self,"$15,001 - $50,000",Excepted Investment Fund,None (or less than $201)
3.8,MAWIX - Blackrock Strategic Global Bond Fund Inc. - Ins,Mutual FundsMutual Fund,Self,"$1,001 - $15,000",Excepted Investment Fund,None (or less than $201)
3.9,EIFAX - Eaton Vance Floating-Rate Advantaged Fund Class,Mutual FundsMutual Fund,Self,"$15,001 - $50,000",Excepted Investment Fund,None (or less than $201)
3.10,GIBIX - Guggenheim Total Return Bond Fund- Institutional,Mutual FundsMutual Fund,Self,"$15,001 - $50,000",Excepted Investment Fund,None (or less than $201)
3.11,DGRO - iShares Core Dividend Growth ETF,Mutual FundsMutual Fund,Self,"$15,001 - $50,000",Excepted Investment Fund,None (or less than $201)
3.12,FDRXX - FIDELITY GOVERNMENT CASH RESERVES,Mutual FundsMutual Fund,Self,"$1,001 - $15,000",Excepted Investment Fund,None (or less than $201)
3.13,FTHSX - FullerThaler Behavioral Small-Cap Equity Fund - Institutional Shares,Mutual FundsMutual Fund,Self,"$1,001 - $15,000",Excepted Investment Fund,None (or less than $201)
3.14,BMSYX - MFS Blended Research Mid Cap Equity Fund - R6,Mutual FundsMutual Fund,Self,"$15,001 - $50,000",Excepted Investment Fund,None (or less than $201)
3.15,FWMIX - Washington Mutual Investors Fund - Class F-3,Mutual FundsMutual Fund,Self,"$15,001 - $50,000",Excepted Investment Fund,None (or less than $201)
3.16,HIGFX - AMERICAN HIGH INCOME TRUST - Class F-3,Mutual FundsMutual Fund,Self,"$15,001 - $50,000",Excepted Investment Fund,None (or less than $201)
3.17,IXUS - iShares Core MSCI Total International Stock ETF,Mutual FundsMutual Fund,Self,"$15,001 - $50,000",Excepted Investment Fund,None (or less than $201)
4,"W.L. Gore & Associates Inc.Company: W.L. Gore & Associates Inc. (Newark, DE) Description: Manufacturing",Corporate SecuritiesNon-Public Stock,Spouse,"Over $1,000,000 and held independently by spouse or dependent child",Dividends,"$15,001 - $50,000"
5,NFS/FMTC IRA FBO Ann M Coons,Retirement PlansIRA,Spouse,--,,
5.1,FSGGX - Fidelity Global Ex U.S. Index Fund,Mutual FundsMutual Fund,Spouse,"$1,001 - $15,000",Excepted Investment Fund,None (or less than $201)
5.2,BIOIX - Baron Opportunity Fund Inst Shs,Mutual FundsMutual Fund,Spouse,"$1,001 - $15,000",Excepted Investment Fund,None (or less than $201)
5.3,FTHSX - Fuller & Thaler Behavioral Small-Cap Equity Fund,Mutual FundsMutual Fund,Spouse,"$1,001 - $15,000",Excepted Investment Fund,None (or less than $201)
5.4,CSSPX - Cohen & Steers Global Realty Shares Inc Class I,Mutual FundsMutual Fund,Spouse,"$1,001 - $15,000",Excepted Investment Fund,None (or less than $201)
5.5,GERIX - Goldman Sachs Emerging Mkts Equity Insight Fd IN,Mutual FundsMutual Fund,Spouse,"$1,001 - $15,000",Excepted Investment Fund,None (or less than $201)
5.6,OANMX - Oakmark Fund Institutional Class,Mutual FundsMutual Fund,Spouse,"$1,001 - $15,000",Excepted Investment Fund,None (or less than $201)
5.7,GLIFX - Lazard Global Listed Infrastructure Ptf Insti Sh,Mutual FundsMutual Fund,Spouse,"$1,001 - $15,000",Excepted Investment Fund,None (or less than $201)
5.8,LBFIX - Clearbridge Select Fd I,Mutual FundsMutual Fund,Spouse,"$1,001 - $15,000",Excepted Investment Fund,None (or less than $201)
5.9,HIGFX - American High-Income Trust - Class F-3,Mutual FundsMutual Fund,Spouse,"$1,001 - $15,000",Excepted Investment Fund,None (or less than $201)
5.10,BSBIX - Baird Short Term Bond Fund Institutional Class,Mutual FundsMutual Fund,Spouse,"$1,001 - $15,000",Excepted Investment Fund,None (or less than $201)
5.11,JSOSX - Jpmorgan Strategic Income Opportunities Fund I C,Mutual FundsMutual Fund,Spouse,"$1,001 - $15,000",Excepted Investment Fund,None (or less than $201)
5.12,RPIFX - T. Rowe Price Institutional Floating Rate Fund,Mutual FundsMutual Fund,Spouse,"$1,001 - $15,000",Excepted Investment Fund,None (or less than $201)
5.13,DVY - iShares Select Dividend ETF,Mutual FundsMutual Fund,Spouse,"$1,001 - $15,000",Excepted Investment Fund,None (or less than $201)
5.14,JIGFX - Janus Henderson Overseas Fund - I Shares,Mutual FundsMutual Fund,Spouse,"$1,001 - $15,000",Excepted Investment Fund,None (or less than $201)
5.15,AGG - US Aggregate Bond Ishares Core ETF,Mutual FundsMutual Fund,Spouse,"$1,001 - $15,000",Excepted Investment Fund,None (or less than $201)
5.16,FDRXX - FIDELITY GOVERNMENT CASH RESERVES,Mutual FundsMutual Fund,Spouse,"$1,001 - $15,000",Excepted Investment Fund,None (or less than $201)
6,Scholar's Edge 529Institution: Scholar's Edge,Education Savings Plans529 College Savings Plan,Spouse,--,,
6.1,Scholar's Edge Fixed Income Portfolio A,Mutual FundsMutual Fund,Spouse,"$1,001 - $15,000",Excepted Investment Fund,None (or less than $201)
6.2,Scholar's Edge Today Portfolio A,Mutual FundsMutual Fund,Spouse,"$15,001 - $50,000",Excepted Investment Fund,None (or less than $201)
6.3,Scholar's Edge Aggressive Portfolio A,Mutual FundsMutual Fund,Spouse,"None (or less than $1,001)",Excepted Investment Fund,None (or less than $201)
7,Christopher Coons Charitable Remainder Trust,TrustGeneral Trust,Self,--,,
7.1,"WSFS Bank(Wilmington, DE)Type: Checking",Bank Deposit,Self,"$1,001 - $15,000",None,None (or less than $201)
7.2,Talcott Resolution AnnuityProvider: FCG Advisors,AnnuityVariable Annuity,Self,--,,
7.2.1,Htfd Ttl Return Bond HLS,Mutual FundsMutual Fund,Self,"$15,001 - $50,000",Excepted Investment Fund,None (or less than $201)
7.2.2,AB VPS Intl Value Port,Mutual FundsMutual Fund,Self,"$15,001 - $50,000",Excepted Investment Fund,None (or less than $201)
7.2.3,Htfd Intl Opp HLS,Mutual FundsMutual Fund,Self,"$15,001 - $50,000",Excepted Investment Fund,None (or less than $201)
7.2.4,Put VT Intl Equity,Mutual FundsMutual Fund,Self,"$15,001 - $50,000",Excepted Investment Fund,None (or less than $201)
7.2.5,Fidelity VIP Equity-Incm,Mutual FundsMutual Fund,Self,"$15,001 - $50,000",Excepted Investment Fund,None (or less than $201)
7.2.6,Fidelity VIP Grwth,Mutual FundsMutual Fund,Self,"$1,001 - $15,000",Excepted Investment Fund,None (or less than $201)
7.2.7,Htfd Disciplined Eqty HLS,Mutual FundsMutual Fund,Self,"$100,001 - $250,000",Excepted Investment Fund,None (or less than $201)
7.2.8,InvescoV.I. Comstock Fund,Mutual FundsMutual Fund,Self,"$15,001 - $50,000",Excepted Investment Fund,None (or less than $201)
7.2.9,Invesco Main St Small Cap,Mutual FundsMutual Fund,Self,"$15,001 - $50,000",Excepted Investment Fund,None (or less than $201)
7.2.10,Putnam VT Small Cap,Mutual FundsMutual Fund,Self,"$15,001 - $50,000",Excepted Investment Fund,None (or less than $201)
7.2.11,AB VPS Relative Value Portfolio,Mutual FundsMutual Fund,Self,"$15,001 - $50,000",Excepted Investment Fund,None (or less than $201)
7.2.12,Invesco Discovery Large Cap FundFiler comment:  Name changed from Invesco Capital App Fund.,Mutual FundsMutual Fund,Self,"$1,001 - $15,000",Excepted Investment Fund,None (or less than $201)
7.3,FSGGX - Fidelity Global Ex U.S. Index Fund,Mutual FundsMutual Fund,Self,"$1,001 - $15,000",Excepted Investment Fund,None (or less than $201)
7.4,BIOIX - Baron Opportunity Fund Inst Shs,Mutual FundsMutual Fund,Self,"$1,001 - $15,000",Excepted Investment Fund,None (or less than $201)
7.5,FTHSX - Fuller & Thaler Behavioral Small-Cap Equity Fund,Mutual FundsMutual Fund,Self,"$1,001 - $15,000",Excepted Investment Fund,None (or less than $201)
7.6,CSSPX - Cohen & Steers Global Realty Shares Inc Class I,Mutual FundsMutual Fund,Self,"$1,001 - $15,000",Excepted Investment Fund,None (or less than $201)
7.7,GERIX - Goldman Sachs Emerging Mkts Equity Insight Fd IN,Mutual FundsMutual Fund,Self,"$1,001 - $15,000",Excepted Investment Fund,None (or less than $201)
7.8,OANMX - Oakmark Fund Institutional Class,Mutual FundsMutual Fund,Self,"$1,001 - $15,000",Excepted Investment Fund,None (or less than $201)
7.9,GLIFX - Lazard Global Listed Infrastructure Ptf Insti Sh,Mutual FundsMutual Fund,Self,"$1,001 - $15,000",Excepted Investment Fund,None (or less than $201)
7.10,LBFIX - Clearbridge Select Fd I,Mutual FundsMutual Fund,Self,"$1,001 - $15,000",Excepted Investment Fund,None (or less than $201)
7.11,BSBIX - Baird Short Term Bond Fund Institutional Class,Mutual FundsMutual Fund,Self,"$1,001 - $15,000",Excepted Investment Fund,None (or less than $201)
7.12,RPIFX - T. Rowe Price Institutional Floating Rate Fund,Mutual FundsMutual Fund,Self,"$1,001 - $15,000",Excepted Investment Fund,None (or less than $201)
7.13,VWIUX - Vanguard Intermediate-Term Tax-Exempt Fd Admiral,Mutual FundsMutual Fund,Self,"$1,001 - $15,000",Excepted Investment Fund,None (or less than $201)
7.14,DVY - iShares Select Dividend ETF,Mutual FundsMutual Fund,Self,"$1,001 - $15,000",Excepted Investment Fund,None (or less than $201)
7.15,JIGFX - Janus Henderson Overseas Fund - I Shares,Mutual FundsMutual Fund,Self,"$1,001 - $15,000",Excepted Investment Fund,None (or less than $201)
7.16,AGG - US Aggregate Bond Ishares Core ETF,Mutual FundsMutual Fund,Self,"$1,001 - $15,000",Excepted Investment Fund,None (or less than $201)
7.17,HIGFX - American High-Income Trust - Class F-3,Mutual FundsMutual Fund,Self,"$1,001 - $15,000",Excepted Investment Fund,None (or less than $201)
7.18,FDRXX - FIDELITY GOVERNMENT CASH RESERVES,Mutual FundsMutual Fund,Self,"$1,001 - $15,000",Excepted Investment Fund,None (or less than $201)
8,Ann M Coons Charitable Remainder Trust,TrustGeneral Trust,Spouse,--,,
8.1,"WSFS Bank(Wilmington, DE)Type: Checking",Bank Deposit,Spouse,"$1,001 - $15,000",None,None (or less than $201)
8.2,Jackson Variable AnnuityProvider: FCG Advisors LLC,AnnuityVariable Annuity,Spouse,--,,
8.2.1,JNL/PPM America HighYldBd,Mutual FundsMutual Fund,Spouse,"$15,001 - $50,000",Excepted Investment Fund,None (or less than $201)
8.2.2,JNL MultiMgr FlRateInc,Mutual FundsMutual Fund,Spouse,"$15,001 - $50,000",Excepted Investment Fund,None (or less than $201)
8.2.3,JNL/Neuberger Strat Inc,Mutual FundsMutual Fund,Spouse,"$15,001 - $50,000",Excepted Investment Fund,None (or less than $201)
8.2.4,JNL/DoubleLineTR,Mutual FundsMutual Fund,Spouse,"$15,001 - $50,000",Excepted Investment Fund,None (or less than $201)
8.2.5,JNL/JPMorgan US Gov&Qual,Mutual FundsMutual Fund,Spouse,"$1,001 - $15,000",Excepted Investment Fund,None (or less than $201)
8.2.6,JNL/DFA US Core Equity,Mutual FundsMutual Fund,Spouse,"$15,001 - $50,000",Excepted Investment Fund,None (or less than $201)
8.2.7,JNL/JPMorgan MidCapGrowth,Mutual FundsMutual Fund,Spouse,"$15,001 - $50,000",Excepted Investment Fund,None (or less than $201)
8.2.8,JNL/MC Sm Cap Index,Mutual FundsMutual Fund,Spouse,"$15,001 - $50,000",Excepted Investment Fund,None (or less than $201)
8.2.9,JNL/WCM Focused IntlEq,Mutual FundsMutual Fund,Spouse,"$15,001 - $50,000",Excepted Investment Fund,None (or less than $201)
8.2.10,JNL/MC Emg Mkts Index,Mutual FundsMutual Fund,Spouse,"$1,001 - $15,000",Excepted Investment Fund,None (or less than $201)
8.2.11,JNL/T. RowePriceCapAp,Mutual FundsMutual Fund,Spouse,"$15,001 - $50,000",Excepted Investment Fund,None (or less than $201)
8.2.12,JNL/T. Rowe Price ShTmBd,Mutual FundsMutual Fund,Spouse,"$250,001 - $500,000",Excepted Investment Fund,None (or less than $201)
9,New Castle County Pension Plan,Retirement PlansDefined Benefit Pension Plan,Self,Unascertainable,None,None (or less than $201)
10,"TCS Lease Management LLCCompany: TCS Lease Management LLC (Sanibel Island, Florida) Description: Rental Real Estate",Business EntityLimited Liability Company (LLC),Self,--,,
10.1,"Sanibel Island CondoDescription: Real Estate (Sanibel Island, Florida) Filer comment:  Gifted by S. Gore to her three sons, which includes Chris Coons (1/3 to each). Full value reported.",Real EstateResidential,Self,"$1,000,001 - $5,000,000",Rent/Royalties,"$100,001 - $1,000,000"
10.2,"PNC(Wilmington, DE)Type: Checking",Bank Deposit,Self,"$50,001 - $100,000",None,None (or less than $201)
10.3,TCS Lease Management LLC Investment Acct,Brokerage/Managed Account,Self,--,,
10.3.1,"FMTC(Overland Park, KS)Type: Money Market Account",Bank Deposit,Self,"$1,001 - $15,000",Interest,None (or less than $201)
11,"TCS Lease Management 2, LLCCompany: TCS Lease Management 2, LLC (Lewes, Delaware) Description: Rental Real Estate",Business EntityLimited Liability Company (LLC),Self,--,,
11.1,"Lewes TownhouseDescription: Real Estate (Lewes, Delaware) Filer comment:  Gifted by S. Gore to her three sons, which includes Chris Coons (1/3 to each). Full value reported.",Real EstateResidential,Self,"$1,000,001 - $5,000,000",Rent/Royalties,"$15,001 - $50,000"
11.2,"WSFS(Wilmington, DE)Type: Checking",Bank Deposit,Self,"$15,001 - $50,000",None,None (or less than $201)
12,"WSFS(Wilmington, Delaware)Type: Checking, Money Market Account, SavingsFiler comment:  Jointly owned by spouse and child (no longer a dependent)",Bank Deposit,Spouse,"$250,001 - $500,000",Interest,"$5,001 - $15,000"
13,"WSFS(Wilmington, Delaware)Type: Checking, SavingsFiler comment:  Jointly owned by spouse and child (no longer a dependent)",Bank Deposit,Spouse,"$250,001 - $500,000",Interest,"$201 - $1,000"
14,Grantor Retained Annuity Trust fbo Christopher Coons,TrustGeneral Trust,Self,--,,
14.1,FDRXX Government Cash Reserves,Mutual FundsMutual Fund,Self,"$100,001 - $250,000","Dividends, Interest","$5,001 - $15,000"
14.2,WL Gore Stock,Corporate SecuritiesStock,Self,"$1,000,001 - $5,000,000",Dividends,"$15,001 - $50,000"
15,Future Path 529 PlanInstitution: J.P. MorganFiler comment:  Putnam transitioned to Future Path at the end of May 2025.,Education Savings Plans529 College Savings Plan,Spouse,--,,
15.1,Future Path 529 College Enrollment Portfolio - AFiler comment:  All previously held Class C Units automatically converted to Class A Units by the end of CY 2025.,Mutual FundsMutual Fund,Spouse,"$50,001 - $100,000",Excepted Investment Fund,None (or less than $201)
