1,"Heartland Bank(Columbus, OH)Type: Checking, Savings",Bank Deposit,Joint,"$250,001 - $500,000",Interest,"$5,001 - $15,000"
2,"NWS Investors I LLCCompany: NWS Investors I LLC (Columbus, OH) Description: Title company small percentage investment",Business EntityLimited Liability Company (LLC),Spouse,"None (or less than $1,001)",Dividends,None (or less than $201)
3,"Caliber Title Holding, LLCCompany: Caliber Title Holding, LLC (Columbus, OH) Description: Small percentage title company investment",Business EntityLimited Liability Company (LLC),Spouse,"None (or less than $1,001)",Dividends,None (or less than $201)
4,"GDR Concepts I, LLCCompany: G.D. Ritzy's Restaurant (Columbus, OH) Description: Small percentage restaurant investment",Business EntityLimited Liability Company (LLC),Spouse,"$1,001 - $15,000","Dividends, Interest",None (or less than $201)
5,Ohio 529 AccountInstitution: College Advantage,Education Savings Plans529 College Savings Plan,Spouse,--,,
5.1,Vanguard Ohio Target Enrollment 2028/2029,Mutual FundsMutual Fund,Spouse,"$50,001 - $100,000","Dividends, Interest, Capital Gains",None (or less than $201)
5.2,Vanguard Ohio Target Enrollment 2024/2025,Mutual FundsMutual Fund,Spouse,"$50,001 - $100,000","Dividends, Interest",None (or less than $201)
6,Commonwealth Brokerage Account,Brokerage/Managed Account,Spouse,--,,
6.1,FBKWX - Fidelity Advisor Total Bond Fund Class Z,Mutual FundsMutual Fund,Spouse,"$1,001 - $15,000","Dividends, Capital Gains","$201 - $1,000"
6.2,Fidelity Money Market Premium,Mutual FundsMutual Fund,Spouse,"$1,001 - $15,000",Interest,"$201 - $1,000"
6.3,John Hancock Funds Disciplined Value Fund Class I,Mutual FundsMutual Fund,Spouse,"$15,001 - $50,000","Dividends, Capital Gains",None (or less than $201)
6.4,JPMorgan Core Bond Fund Class I,Mutual FundsMutual Fund,Spouse,"$1,001 - $15,000","Dividends, Capital Gains","$201 - $1,000"
6.5,MFEIX - MFS Growth Fund Class I,Mutual FundsMutual Fund,Spouse,"$15,001 - $50,000","Dividends, Capital Gains",None (or less than $201)
6.6,PIFZX - PGIM Short-Term Corporate Bond Fund Class Z,Mutual FundsMutual Fund,Spouse,"$1,001 - $15,000","Dividends, Capital Gains",None (or less than $201)
6.7,TROSX - T. Rowe Price Overseas Stock Fund,Mutual FundsMutual Fund,Spouse,"$1,001 - $15,000","Dividends, Capital Gains",None (or less than $201)
6.8,TMCPX - Touchstone Midcap Fund Class Y,Mutual FundsMutual Fund,Spouse,"$1,001 - $15,000","Dividends, Capital Gains",None (or less than $201)
6.9,BEXIX - Baron Emerging Markets Fd Inst Shs,Mutual FundsMutual Fund,Spouse,"$1,001 - $15,000","Dividends, Capital Gains",None (or less than $201)
6.10,"FBMS - First Bancshares, Inc.",Corporate SecuritiesStock,Spouse,"$15,001 - $50,000","Dividends, Capital Gains","$1,001 - $2,500"
7,Commonwealth Roth IRA,Retirement PlansIRA,Spouse,--,,
7.1,GWPEX - American Funds Growth Portfolio Class F-2,Mutual FundsExchange Traded Fund/Note,Spouse,"$1,001 - $15,000","Dividends, Capital Gains",None (or less than $201)
7.2,FVD - First Trust VL Dividend,Mutual FundsMutual Fund,Spouse,"$1,001 - $15,000","Dividends, Capital Gains",None (or less than $201)
7.3,WOBDX - Jpmorgan Core Bond Fund I Class,Mutual FundsMutual Fund,Spouse,"$1,001 - $15,000","Dividends, Capital Gains",None (or less than $201)
8,Commonwealth SEP IRA,Retirement PlansIRA,Spouse,--,,
8.1,"QQQ - Invesco QQQ Trust, Series 1",Mutual FundsExchange Traded Fund/Note,Spouse,"$100,001 - $250,000","Dividends, Capital Gains","$201 - $1,000"
8.2,American Beacon Small Cap Value Fund Cl R5,Mutual FundsMutual Fund,Spouse,"$15,001 - $50,000","Dividends, Capital Gains","$201 - $1,000"
8.3,FBKWX - Fidelity Advisor Total Bond Fund Class Z,Mutual FundsMutual Fund,Spouse,"$15,001 - $50,000","Dividends, Capital Gains","$1,001 - $2,500"
8.4,Fidelity Cons Income Bond Cl Z,Mutual FundsMutual Fund,Spouse,"$1,001 - $15,000","Dividends, Capital Gains","$201 - $1,000"
8.5,First Trust Value Line Div Index Fund,Mutual FundsMutual Fund,Spouse,"$50,001 - $100,000","Dividends, Capital Gains","$1,001 - $2,500"
8.6,FPNIX - Fpa New Income Institutional Class,Mutual FundsMutual Fund,Spouse,"$1,001 - $15,000","Dividends, Capital Gains","$201 - $1,000"
8.7,WOBDX - Jpmorgan Core Bond Fund I Class,Mutual FundsMutual Fund,Spouse,"$15,001 - $50,000","Dividends, Capital Gains","$1,001 - $2,500"
8.8,MCVIX - MFS Mid Cap Value Fund - Class I,Mutual FundsMutual Fund,Spouse,"$15,001 - $50,000","Dividends, Capital Gains","$201 - $1,000"
8.9,PIFZX - PGIM Short-Term Corporate Bond Fund Class Z,Mutual FundsMutual Fund,Spouse,"$1,001 - $15,000","Dividends, Capital Gains","$201 - $1,000"
8.10,TROIX - T. Rowe Price Overseas Stock Fund - I Class,Mutual FundsMutual Fund,Spouse,"$50,001 - $100,000","Dividends, Capital Gains","$1,001 - $2,500"
8.11,TMCPX - Touchstone Midcap Fund Class Y,Mutual FundsMutual Fund,Spouse,"$15,001 - $50,000","Dividends, Capital Gains",None (or less than $201)
8.12,MISIX - Victory Trivalent International Small-Cap Cl I,Mutual FundsMutual Fund,Spouse,"$15,001 - $50,000","Dividends, Capital Gains","$201 - $1,000"
8.13,WIAEX - Wasatch Small Cap Growth Fund Instl Cl,Mutual FundsMutual Fund,Spouse,"$1,001 - $15,000","Dividends, Capital Gains",None (or less than $201)
8.14,"GABC - German American Bancorp, Inc. - Common Stock",Corporate SecuritiesStock,Spouse,"$15,001 - $50,000","Dividends, Capital Gains","$201 - $1,000"
8.15,INTC - Intel Corporation - Common Stock,Corporate SecuritiesStock,Spouse,"$1,001 - $15,000","Dividends, Capital Gains",None (or less than $201)
8.16,SCFZX - PGIM Securitized Credit Fund - Class Z,Mutual FundsMutual Fund,Spouse,"$15,001 - $50,000","Dividends, Interest","$201 - $1,000"
8.17,"Commonwealth Financial Network(Waltham, Massachusetts)Type: Brokerage Sweep Account",Bank Deposit,Spouse,"$1,001 - $15,000",Interest,None (or less than $201)
8.18,BEXIX - Baron Emerging Markets Fund - Institutional Shares,Mutual FundsMutual Fund,Spouse,"$15,001 - $50,000","Dividends, Interest","$201 - $1,000"
8.19,GOBSX - BrandywineGLOBAL - Global Opportunities Bond Fund - Class IS,Mutual FundsMutual Fund,Spouse,"$1,001 - $15,000","Dividends, Interest","$201 - $1,000"
9,Commonwealth IRA,Retirement PlansIRA,Self,--,,
9.1,FBKWX - Fidelity Advisor Total Bond Fund Class Z,Mutual FundsMutual Fund,Self,"$15,001 - $50,000","Dividends, Capital Gains","$201 - $1,000"
9.2,Fidelity Conservative Income Bond Cl Z,Mutual FundsMutual Fund,Self,"$15,001 - $50,000","Dividends, Capital Gains","$201 - $1,000"
9.3,Fidelity Money Market Premium,Mutual FundsMutual Fund,Self,"$15,001 - $50,000",Interest,"$201 - $1,000"
9.4,First Trust Value Line Dividend Index Fund,Mutual FundsMutual Fund,Self,"$50,001 - $100,000","Dividends, Capital Gains","$1,001 - $2,500"
9.5,"GABC - German American Bancorp, Inc. - Common Stock",Corporate SecuritiesStock,Self,"$1,001 - $15,000","Dividends, Capital Gains","$201 - $1,000"
9.6,GTSCX - Glenmede Small Capitalization Equity Portfolio I,Mutual FundsMutual Fund,Self,"$15,001 - $50,000","Dividends, Capital Gains",None (or less than $201)
9.7,Invesco Oppenheimer International Growth Cl Y,Mutual FundsMutual Fund,Self,"$15,001 - $50,000","Dividends, Capital Gains",None (or less than $201)
9.8,WOBDX - Jpmorgan Core Bond Fund I Class,Mutual FundsMutual Fund,Self,"$15,001 - $50,000","Dividends, Capital Gains","$201 - $1,000"
9.9,MFEIX - MFS Growth Fund Class I,Mutual FundsMutual Fund,Self,"$100,001 - $250,000","Dividends, Capital Gains",None (or less than $201)
9.10,OAYIX - Oakmark International Fund Advisor Class,Mutual FundsMutual Fund,Self,"$15,001 - $50,000","Dividends, Capital Gains","$201 - $1,000"
9.11,PDGIX - T. Rowe Price Dividend Growth Fund - I Class,Mutual FundsMutual Fund,Self,"$15,001 - $50,000","Dividends, Capital Gains","$201 - $1,000"
9.12,TEGYX - Touchstone Mid Cap Growth Class Y,Mutual FundsMutual Fund,Self,"$15,001 - $50,000","Dividends, Capital Gains",None (or less than $201)
9.13,WICVX - Wasatch Small Cap Value Fund Institutional Class,Mutual FundsMutual Fund,Self,"$1,001 - $15,000","Dividends, Capital Gains",None (or less than $201)
10,Commonwealth SEP IRA,Retirement PlansIRA,Self,--,,
10.1,Fidelity Conservative Income Bond Fund Cl Z,Mutual FundsMutual Fund,Self,"None (or less than $1,001)","Dividends, Capital Gains",None (or less than $201)
10.2,FSGGX - Fidelity Global Ex U.S. Index Fund,Mutual FundsMutual Fund,Self,"$1,001 - $15,000","Dividends, Capital Gains",None (or less than $201)
10.3,FSPGX - Fidelity Large Cap Growth Index Fund,Mutual FundsMutual Fund,Self,"$1,001 - $15,000","Dividends, Capital Gains",None (or less than $201)
10.4,FLCOX - Fidelity Large Cap Value Index Fund,Mutual FundsMutual Fund,Self,"$1,001 - $15,000","Dividends, Capital Gains",None (or less than $201)
10.5,FSMDX - Fidelity Mid Cap Index Fund,Mutual FundsMutual Fund,Self,"$1,001 - $15,000","Dividends, Capital Gains",None (or less than $201)
10.6,FSSNX - Fidelity Small Cap Index Fund,Mutual FundsMutual Fund,Self,"None (or less than $1,001)","Dividends, Capital Gains",None (or less than $201)
10.7,FXNAX - Fidelity U.S. Bond Index Fund,Mutual FundsMutual Fund,Self,"$1,001 - $15,000","Dividends, Capital Gains",None (or less than $201)
11,"A.R.T. Squared LLCCompany: A.R.T. Squared LLC (Columbus, OH) Description: Art production and sales; athletic coaching.",Business EntityLimited Liability Company (LLC),Spouse,"$1,001 - $15,000",None,None (or less than $201)
12,Ohio 457 Deferred Compensation Account,Deferred CompensationDeferred Compensation - Other,Self,--,,
12.1,LifePath Index 2035 Fund,Mutual FundsMutual Fund,Self,"$500,001 - $1,000,000","Dividends, Interest, Capital Gains, Excepted Investment Fund",None (or less than $201)
12.2,Vanguard Capital Opportunity Fund,Mutual FundsMutual Fund,Self,"$50,001 - $100,000","Dividends, Capital Gains",None (or less than $201)
12.3,Fidelity Contrafund CP,Mutual FundsMutual Fund,Self,"$50,001 - $100,000","Dividends, Interest, Capital Gains, Excepted Investment Fund",None (or less than $201)
12.4,US Large Company Stock Index,Mutual FundsMutual Fund,Self,"$100,001 - $250,000","Dividends, Capital Gains",None (or less than $201)
12.5,LifePath Index 2030 FundFiler comment:  This was misnamed as a duplicate of the Fidelity Contrafund CP in the New Filer Report.,Mutual FundsMutual Fund,Self,"$15,001 - $50,000","Dividends, Interest, Capital Gains, Excepted Investment Fund",None (or less than $201)
12.6,Non-US Company Stock Fund,Mutual FundsMutual Fund,Self,"$15,001 - $50,000","Dividends, Interest, Capital Gains, Excepted Investment Fund",None (or less than $201)
12.7,LifePath Index 2040 Fund,Mutual FundsMutual Fund,Self,"$1,001 - $15,000","Dividends, Interest, Capital Gains, Excepted Investment Fund",None (or less than $201)
13,"Noxsano Series A-1 Preferred StockCompany: Noxsano Inc. (Columbus, OH) Description: Medical innovaction company focused on wound care",Corporate SecuritiesNon-Public Stock,Spouse,"$15,001 - $50,000","Dividends, Capital Gains",None (or less than $201)
14,"Boxable Series A-3 Preferred stockCompany: Boxabl (Las Vegas, NV) Description: Home construction",Corporate SecuritiesNon-Public Stock,Spouse,"$1,001 - $15,000",Dividends,None (or less than $201)
15,Index Advantage IRAProvider: Allianz,AnnuityVariable Annuity,Spouse,--,,
15.1,Index Performance Strategy 1-yr Term - Nasdaq-100 Index,Mutual FundsMutual Fund,Spouse,"$15,001 - $50,000",Capital Gains,None (or less than $201)
15.2,Index Performance Strategy 3-yr Term - Russell 2000 Index,Mutual FundsMutual Fund,Spouse,"$15,001 - $50,000",Capital Gains,None (or less than $201)
15.3,Index Performance Strategy 1-yr Term - EURO STOXX 50,Mutual FundsMutual Fund,Spouse,"$15,001 - $50,000",Capital Gains,None (or less than $201)
15.4,Index Performance Strategy 3-yr Term - S&P 500 Index,Mutual FundsMutual Fund,Spouse,"$100,001 - $250,000",Capital Gains,None (or less than $201)
