1,David H. McCormick Fidelity Traditional IRA Account,Retirement PlansIRA,Self,--,,
1.1,QQQ - Nasdaq QQQ Invesco ETF,Mutual FundsExchange Traded Fund/Note,Self,"$100,001 - $250,000",None,None (or less than $201)
1.2,IJR - iShares Core S&P Small-Cap,Mutual FundsExchange Traded Fund/Note,Self,"$50,001 - $100,000",None,None (or less than $201)
1.3,VIG - Dividend Appreciation ETF Vanguard,Mutual FundsExchange Traded Fund/Note,Self,"$100,001 - $250,000",None,None (or less than $201)
1.4,VUG - Growth ETF Vanguard,Mutual FundsExchange Traded Fund/Note,Self,"$100,001 - $250,000",None,None (or less than $201)
1.5,"QIWSQ - Fidelity(Boston, MA)Type: IRA Cash Accounts",Bank Deposit,Self,"None (or less than $1,001)",None,None (or less than $201)
2,David McCormick Charitable Gift Fund,TrustGeneral Trust,Self,--,,
2.1,VGT - Information Technology ETF Vanguard,Mutual FundsExchange Traded Fund/Note,Self,"None (or less than $1,001)",None,None (or less than $201)
2.2,"FCASH - Fidelity(Boston, MA)Type: Brokerage Sweep Account",Bank Deposit,Self,"$15,001 - $50,000",None,None (or less than $201)
3,David H McCormick 2020 Dynasty Trust,TrustGeneral Trust,Self,--,,
3.1,Fidelity David H McCormick 2020 Dynasty Trust Investment Account,Brokerage/Managed Account,Self,--,,
3.1.1,IJR - iShares Core S&P Small-Cap,Mutual FundsExchange Traded Fund/Note,Self,"$100,001 - $250,000","Dividends, Capital Gains","$15,001 - $50,000"
3.1.2,QQQ - Nasdaq QQQ Invesco ETF,Mutual FundsExchange Traded Fund/Note,Self,"$250,001 - $500,000","Dividends, Capital Gains","$100,001 - $1,000,000"
3.1.3,VIG - Dividend Appreciation ETF Vanguard,Mutual FundsExchange Traded Fund/Note,Self,"$250,001 - $500,000","Dividends, Capital Gains","$50,001 - $100,000"
3.1.4,VUG - Growth ETF Vanguard,Mutual FundsExchange Traded Fund/Note,Self,"$250,001 - $500,000","Dividends, Capital Gains","$100,001 - $1,000,000"
3.1.5,"FCASH- Fidelity(Boston, MA)Type: Brokerage Sweep Account",Bank Deposit,Self,"$15,001 - $50,000",Interest,"$201 - $1,000"
3.1.6,DGRW - WisdomTree U.S. Quality Dividend Growth Fund,Corporate SecuritiesStock,Self,"$50,001 - $100,000",Dividends,"$201 - $1,000"
3.1.7,US TreasuryRate/Coupon: None  Matures: None,Government SecuritiesUS Treasury/Agency Security,Self,"$50,001 - $100,000",None,None (or less than $201)
3.2,"Dynasty Trust Real Estate InvestmentDescription: Commercial Real Estate Investment (Kansas City, MO)",Real EstateCommercial,Self,"$1,000,001 - $5,000,000",Rent/Royalties,None (or less than $201)
4,Dina Powell Investments,Brokerage/Managed Account,Spouse,--,,
4.1,GSLC - GS Activebeta US Largecap ETF,Mutual FundsExchange Traded Fund/Note,Spouse,"Over $1,000,000 and held independently by spouse or dependent child","Dividends, Capital Gains","$5,001 - $15,000"
4.2,BSPGX - Ishares S&P 500 Index Fund - Class G,Mutual FundsMutual Fund,Spouse,"$100,001 - $250,000","Dividends, Capital Gains","$1,001 - $2,500"
4.3,BTMKX-Ishares MSCI EAFE International Index Fund - Cla,Mutual FundsMutual Fund,Spouse,"$15,001 - $50,000","Dividends, Capital Gains","$1,001 - $2,500"
4.4,SSHQX - State Street Hedged International Developed Equi,Mutual FundsMutual Fund,Spouse,"$15,001 - $50,000","Dividends, Capital Gains","$1,001 - $2,500"
4.5,DBEF - Xtrackers MSCI EAFE Hedged Equity ETF,Mutual FundsExchange Traded Fund/Note,Spouse,"$250,001 - $500,000","Dividends, Capital Gains","$15,001 - $50,000"
4.6,"Goldman Sachs(New York, NY)Type: Money Market Account",Bank Deposit,Spouse,"Over $1,000,000 and held independently by spouse or dependent child",Interest,"$100,001 - $1,000,000"
4.7,GTFPX,Mutual FundsMutual Fund,Spouse,"$250,001 - $500,000","Dividends, Capital Gains","$5,001 - $15,000"
4.8,GSKPX,Mutual FundsMutual Fund,Spouse,"Over $1,000,000 and held independently by spouse or dependent child","Dividends, Capital Gains","$100,001 - $1,000,000"
4.9,GS Restricted Stock UnitsFiler comment:  No longer held,Corporate SecuritiesStock,Spouse,"Over $1,000,000 and held independently by spouse or dependent child",None,None (or less than $201)
4.10,PENNSYLVANIA ST GO JD GO BDS FIRST SER PRERE Rate/Coupon: 5%  Matures: 05/15/2027,Government SecuritiesMunicipal Security,Spouse,"$250,001 - $500,000",Interest,"$5,001 - $15,000"
4.11,"Stonebridge 2021 Access Fund LPDescription: Private Equity Fund (New York, NY)",Investment FundPrivate Equity Fund,Spouse,"$250,001 - $500,000",Excepted Investment Fund,"$50,001 - $100,000"
4.12,"Stonebridge 2022 Access FundDescription: Private Equity Fund (New York, NY)",Investment FundPrivate Equity Fund,Spouse,"$500,001 - $1,000,000",Excepted Investment Fund,"$50,001 - $100,000"
4.13,"PPS Investors Employee LPDescription: Private Equity (New York, NY)",Investment FundPrivate Equity Fund,Spouse,"$500,001 - $1,000,000",Excepted Investment Fund,None (or less than $201)
4.14,"West Street Senior Credit Partners III Employee FundDescription: Private Equity (New York, NY)",Investment FundPrivate Equity Fund,Spouse,"$100,001 - $250,000",Excepted Investment Fund,None (or less than $201)
4.15,CARLISLE BORO PA GO JJ GO BDS Rate/Coupon: 5%  Matures: 07/15/2028,Government SecuritiesMunicipal Security,Spouse,"$50,001 - $100,000",Interest,"$2,501 - $5,000"
4.16,SPRING TWP PA GO BDSRate/Coupon: 5%  Matures: 11/15/2026,Government SecuritiesMunicipal Security,Spouse,"$15,001 - $50,000",Interest,"$1,001 - $2,500"
4.17,ALLEGHENY CNTY PA SAN AUTH SWR REV JD REV BDS 2020Rate/Coupon: 5%  Matures: 06/01/2026,Government SecuritiesMunicipal Security,Spouse,"$50,001 - $100,000",Interest,"$2,501 - $5,000"
4.18,PITTSBURGH PA SCH DIST GO MS GO BDS 2019Rate/Coupon: 5%  Matures: 09/01/2026,Government SecuritiesMunicipal Security,Spouse,"$50,001 - $100,000",Interest,"$2,501 - $5,000"
4.19,LOWER MERION PA SCH DIST GO  MN GO BDSRate/Coupon: 5%  Matures: 11/15/2026,Government SecuritiesMunicipal Security,Spouse,"$50,001 - $100,000",Interest,"$2,501 - $5,000"
4.20,PENNSYLVANIA ST GO MN GO BDS First SerRate/Coupon: 5%  Matures: 05/01/2027,Government SecuritiesMunicipal Security,Spouse,"$50,001 - $100,000",Interest,"$2,501 - $5,000"
4.21,SOUTHEASTERN PA TRANSN AUTH JD REV BDS 2022Rate/Coupon: 5%  Matures: 06/01/2027,Government SecuritiesMunicipal Security,Spouse,"$50,001 - $100,000",Interest,"$2,501 - $5,000"
4.22,PHILADELPHIA PA WTR & WASTEWTR REV MS REV SER BRate/Coupon: 5%  Matures: 09/01/2027,Government SecuritiesMunicipal Security,Spouse,"$15,001 - $50,000",Interest,"$1,001 - $2,500"
4.23,SWARTHMORE BORO AUTH PA REV MS COLLEGERate/Coupon: 5%  Matures: 09/15/2027,Government SecuritiesMunicipal Security,Spouse,"$50,001 - $100,000",Interest,"$2,501 - $5,000"
4.24,LOWER MERION PA SCH DIST GO MN GO BDS 2021Rate/Coupon: 5%  Matures: 11/15/2027,Government SecuritiesMunicipal Security,Spouse,"$15,001 - $50,000",Interest,"$1,001 - $2,500"
4.25,PENNSYLVANIA INFRASTRUCTURE REV JJ INVESTMENT AUTHORITYRate/Coupon: 5%  Matures: 01/15/2028,Government SecuritiesMunicipal Security,Spouse,"$15,001 - $50,000",Interest,"$1,001 - $2,500"
4.26,DELAWARE RIV JT TOLL BRDG REV JJ COMMNRate/Coupon: 5%  Matures: 07/01/2028,Government SecuritiesMunicipal Security,Spouse,"$15,001 - $50,000",Interest,"$1,001 - $2,500"
4.27,PENNSYLVANIA ST GO AO GO BDS FIRST 2022Rate/Coupon: 5%  Matures: 10/01/2028,Government SecuritiesMunicipal Security,Spouse,"$50,001 - $100,000",Interest,"$2,501 - $5,000"
4.28,ARMSTRONG SCH DIST PA GO MS GO REF BDS 2019 ARate/Coupon: 5%  Matures: 03/15/2029,Government SecuritiesMunicipal Security,Spouse,"$15,001 - $50,000",Interest,"$1,001 - $2,500"
4.29,PENNSYLVANIA ST GO MN GO BDS FIRST SER 2020 UT Rate/Coupon: 5%  Matures: 05/01/2029,Government SecuritiesMunicipal Security,Spouse,"$15,001 - $50,000",Interest,"$1,001 - $2,500"
4.30,MONTGOMERY CNTY PA GO JJ GO BDS 2019 ARate/Coupon: 5%  Matures: 07/01/2029,Government SecuritiesMunicipal Security,Spouse,"$15,001 - $50,000",Interest,"$1,001 - $2,500"
4.31,PENNSYLVANIA ST HIGHER EDL REV FA FACS AUTH Rate/Coupon: 5%  Matures: 08/15/2029,Government SecuritiesMunicipal Security,Spouse,"$50,001 - $100,000",Interest,"$2,501 - $5,000"
4.32,PINE-RICHLAND SCH DIST PA GO MS GO UNLTDRate/Coupon: 5%  Matures: 09/01/2029,Government SecuritiesMunicipal Security,Spouse,"$15,001 - $50,000",Interest,"$1,001 - $2,500"
4.33,Dina Powell Fixed Income No Longer Held,Brokerage/Managed Account,Spouse,--,,
4.33.1,DANIEL BOONE PA AREA SCH DIST GO Rate/Coupon: 5%  Matures: 04/01/2028Filer comment:  No longer held,Government SecuritiesMunicipal Security,Spouse,"None (or less than $1,001)",Interest,None (or less than $201)
4.33.2,PENNSYLVANIA ST GO  FA RFDG-FIRST SERRate/Coupon: 5%  Matures: 08/15/2025Filer comment:  No longer held,Government SecuritiesMunicipal Security,Spouse,"None (or less than $1,001)",Interest,"$5,001 - $15,000"
4.33.3,EAST STROUDSBURG PA AREA  MS SCHRate/Coupon: 5%  Matures: 09/01/2025Filer comment:  No longer held,Government SecuritiesMunicipal Security,Spouse,"None (or less than $1,001)",Interest,"$2,501 - $5,000"
4.33.4,NESHAMINY PA SCH DIST GO  MN GO BDS 2023BRate/Coupon: 5%  Matures: 11/01/2025Filer comment:  No longer held,Government SecuritiesMunicipal Security,Spouse,"None (or less than $1,001)",Interest,"$2,501 - $5,000"
4.33.5,PENNSYLVANIA ST GO CA FA GO BDS 2015Rate/Coupon: 3.25%  Matures: 08/15/2026Filer comment:  No longer held,Government SecuritiesMunicipal Security,Spouse,"None (or less than $1,001)","Interest, Capital Gains","$2,501 - $5,000"
4.33.6,DELAWARE VALLEY PA REGL FIN REV FARate/Coupon: 5.5%  Matures: 08/01/2028Filer comment:  No longer held,Government SecuritiesMunicipal Security,Spouse,"None (or less than $1,001)",Interest,"$1,001 - $2,500"
4.33.7,DAUPHIN CNTY PA GO MN GO BDS 2020 A UTRate/Coupon: 5%  Matures: 11/15/2026Filer comment:  No longer held,Government SecuritiesMunicipal Security,Spouse,"None (or less than $1,001)",Interest,"$201 - $1,000"
4.33.8,PENNSYLVANIA ST TPK COMMN TPK REV JD REV PRERE 12/1/2024Rate/Coupon: 5%  Matures: 12/01/2027Filer comment:  No longer held,Government SecuritiesMunicipal Security,Spouse,"None (or less than $1,001)",Interest,"$1,001 - $2,500"
4.33.9,PHILADELPHIA PA WTR & WASTEWTR REV JJ REV REV REF BDS 2014A PRERE 07/01/24Rate/Coupon: 5%  Matures: 07/01/2027Filer comment:  No longer held,Government SecuritiesMunicipal Security,Spouse,"None (or less than $1,001)",Interest,"$2,501 - $5,000"
4.33.10,SOUTHCENTRAL PA GEN AUTH REV REV CA JD WELLSPAN HEALTH OBLIG GROUP SER A BEORate/Coupon: 5%  Matures: 06/01/2040Filer comment:  No longer held,Government SecuritiesMunicipal Security,Spouse,"None (or less than $1,001)",Interest,"$201 - $1,000"
4.33.11,DELAWARE RIV PORT AUTH PA & NJ REV REF REV BDS 2018 B BEORate/Coupon: 5%  Matures: 01/01/2025Filer comment:  No longer held,Government SecuritiesMunicipal Security,Spouse,"None (or less than $1,001)",Interest,"$2,501 - $5,000"
4.33.12,PENNSYLVANIA ST GOJJ REF BDS 2017 LTRate/Coupon: 5%  Matures: 01/01/2025Filer comment:  No longer held,Government SecuritiesMunicipal Security,Spouse,"None (or less than $1,001)",Interest,"$201 - $1,000"
4.33.13,WEST ALLEGHENY PA SCH DIST GO MS LTDRate/Coupon: 5%  Matures: 03/01/2025Filer comment:  No longer held,Government SecuritiesMunicipal Security,Spouse,"None (or less than $1,001)",Interest,"$201 - $1,000"
4.33.14,PENN-TRAFFORD PA SCH DIST GO MN LTD TAXRate/Coupon: 4%  Matures: 05/01/2025Filer comment:  No longer held,Government SecuritiesMunicipal Security,Spouse,"None (or less than $1,001)",Interest,"$2,501 - $5,000"
4.33.15,WHITEHALL-COPLAY PA SCH DIST GO MN GORate/Coupon: 5%  Matures: 05/01/2025Filer comment:  No longer held,Government SecuritiesMunicipal Security,Spouse,"None (or less than $1,001)",Interest,"$201 - $1,000"
4.33.16,AU*TH HEALTH SYS REV CA JJ RFDG- Rate/Coupon: 5.25%  Matures: 01/15/2045Filer comment:  No longer held,Government SecuritiesMunicipal Security,Spouse,"None (or less than $1,001)",Interest,"$2,501 - $5,000"
4.33.17,ARMSTRONG CNTY PA GORate/Coupon: 5%  Matures: 06/01/2027Filer comment:  No longer held,Government SecuritiesMunicipal Security,Spouse,"None (or less than $1,001)",Interest,"$1,001 - $2,500"
4.33.18,ATHENS PA AREA SCH DIST GORate/Coupon: 4%  Matures: 04/15/2025Filer comment:  No longer held,Government SecuritiesMunicipal Security,Spouse,"None (or less than $1,001)",Interest,"$1,001 - $2,500"
4.33.19,BERMUDIAN SPRINGS PA SCH DIST GORate/Coupon: 4%  Matures: 05/01/2025Filer comment:  No longer held,Government SecuritiesMunicipal Security,Spouse,"None (or less than $1,001)",Interest,None (or less than $201)
4.33.20,BETHLEHEM PA AREA SCH DIST GORate/Coupon: 5%  Matures: 02/01/2025Filer comment:  No longer held,Government SecuritiesMunicipal Security,Spouse,"None (or less than $1,001)",Interest,"$2,501 - $5,000"
4.33.21,BUCKS CNTY PA GORate/Coupon: 5%  Matures: 06/01/2025Filer comment:  No longer held,Government SecuritiesMunicipal Security,Spouse,"None (or less than $1,001)",Interest,"$1,001 - $2,500"
4.33.22,BUCKS CNTY PA WTR & SWR AUTH REVRate/Coupon: 4%  Matures: 12/01/2025Filer comment:  No longer held,Government SecuritiesMunicipal Security,Spouse,"None (or less than $1,001)",Interest,"$2,501 - $5,000"
4.33.23,CARLISLE BORO PA GORate/Coupon: 4%  Matures: 10/15/2025Filer comment:  No longer held,Government SecuritiesMunicipal Security,Spouse,"None (or less than $1,001)",Interest,None (or less than $201)
4.33.24,CARLISLE PA AREA SCH DIST GORate/Coupon: 5%  Matures: 09/01/2025Filer comment:  No longer held,Government SecuritiesMunicipal Security,Spouse,"None (or less than $1,001)",Interest,"$2,501 - $5,000"
4.33.25,CHESTER CNTY PA GORate/Coupon: 5%  Matures: 07/15/2025Filer comment:  No longer held,Government SecuritiesMunicipal Security,Spouse,"None (or less than $1,001)",Interest,"$5,001 - $15,000"
4.33.26,COMMONWEALTH FING AUTH PA REVRate/Coupon: 5%  Matures: 06/01/2025Filer comment:  No longer held,Government SecuritiesMunicipal Security,Spouse,"None (or less than $1,001)",Interest,"$201 - $1,000"
4.33.27,CRAWFORD CENT SCH DIST PA GORate/Coupon: 4%  Matures: 02/15/2025Filer comment:  No longer held,Government SecuritiesMunicipal Security,Spouse,"None (or less than $1,001)",Interest,"$1,001 - $2,500"
4.33.28,CUMBERLAND CNTY PA GORate/Coupon: 5%  Matures: 05/01/2025Filer comment:  No longer held,Government SecuritiesMunicipal Security,Spouse,"None (or less than $1,001)",Interest,"$1,001 - $2,500"
4.33.29,DANIEL BOONE PA AREA SCH DIST GORate/Coupon: 5%  Matures: 04/01/2030Filer comment:  No longer held,Government SecuritiesMunicipal Security,Spouse,"None (or less than $1,001)",Interest,"$2,501 - $5,000"
4.33.30,DELAWARE RIV JT TOLL BRDG REVRate/Coupon: 5%  Matures: 07/01/2029Filer comment:  No longer held,Government SecuritiesMunicipal Security,Spouse,"None (or less than $1,001)",Interest,"$201 - $1,000"
4.33.31,DERRY PA AREA SCH DIST GORate/Coupon: 5%  Matures: 10/01/2025Filer comment:  No longer held,Government SecuritiesMunicipal Security,Spouse,"None (or less than $1,001)",Interest,"$1,001 - $2,500"
4.33.32,FAIRFIELD PA AREA SCH DIST GORate/Coupon: 4%  Matures: 06/01/2025Filer comment:  No longer held,Government SecuritiesMunicipal Security,Spouse,"None (or less than $1,001)",Interest,"$1,001 - $2,500"
4.33.33,HAVERFORD TWP PA GORate/Coupon: 5%  Matures: 10/01/2025Filer comment:  No longer held,Government SecuritiesMunicipal Security,Spouse,"None (or less than $1,001)",Interest,"$201 - $1,000"
4.33.34,HAVERFORD TWP PA SCH DIST GORate/Coupon: 5%  Matures: 03/01/2025Filer comment:  No longer held,Government SecuritiesMunicipal Security,Spouse,"None (or less than $1,001)",Interest,"$201 - $1,000"
4.33.35,HEMPFIELD PA AREA SCH DIST GORate/Coupon: 5%  Matures: 03/15/2025Filer comment:  No longer held,Government SecuritiesMunicipal Security,Spouse,"None (or less than $1,001)",Interest,"$201 - $1,000"
4.33.36,LANCASTER PA AREA SWR AUTH REVRate/Coupon: 5%  Matures: 04/01/2025Filer comment:  No longer held,Government SecuritiesMunicipal Security,Spouse,"None (or less than $1,001)",Interest,"$201 - $1,000"
4.33.37,LOWER MERION PA SCH DIST GORate/Coupon: 5%  Matures: 04/01/2025Filer comment:  No longer held,Government SecuritiesMunicipal Security,Spouse,"None (or less than $1,001)",Interest,"$2,501 - $5,000"
4.33.38,MANHEIM TWP PA SCH DIST GORate/Coupon: 5%  Matures: 02/01/2029Filer comment:  No longer held,Government SecuritiesMunicipal Security,Spouse,"None (or less than $1,001)",Interest,"$201 - $1,000"
4.33.39,MARPLE-NEWTOWN PA SCH DIST GORate/Coupon: 5%  Matures: 06/01/2025Filer comment:  No longer held,Government SecuritiesMunicipal Security,Spouse,"None (or less than $1,001)",Interest,"$1,001 - $2,500"
4.33.40,MIFFLINBURG AREA SCH DIST PA GORate/Coupon: 4%  Matures: 06/15/2025Filer comment:  No longer held,Government SecuritiesMunicipal Security,Spouse,"None (or less than $1,001)",Interest,None (or less than $201)
4.33.41,MONTGOMERY CNTY PA INDL DEV AU REVRate/Coupon: 5.25%  Matures: 01/15/2028Filer comment:  No longer held,Government SecuritiesMunicipal Security,Spouse,"None (or less than $1,001)",Interest,"$1,001 - $2,500"
4.33.42,MONTGOMERY CNTY PA INDL DEV AU REVRate/Coupon: 5.25%  Matures: 01/15/2046Filer comment:  No longer held,Government SecuritiesMunicipal Security,Spouse,"None (or less than $1,001)",Interest,"$201 - $1,000"
4.33.43,MONTGOMERY CNTY PA INDL DEV REVRate/Coupon: 5.25%  Matures: 01/15/2036Filer comment:  No longer held,Government SecuritiesMunicipal Security,Spouse,"None (or less than $1,001)",Interest,"$201 - $1,000"
4.33.44,MOUNT LEBANON PA SCH DIST GORate/Coupon: 5%  Matures: 02/15/2025Filer comment:  No longer held,Government SecuritiesMunicipal Security,Spouse,"None (or less than $1,001)",Interest,"$1,001 - $2,500"
4.33.45,NAZARETH PA AREA SCH DIST GORate/Coupon: 5%  Matures: 11/15/2035Filer comment:  No longer held,Government SecuritiesMunicipal Security,Spouse,"None (or less than $1,001)",Interest,"$2,501 - $5,000"
4.33.46,NEWTOWN TWP PA MUN AUTH GTD REVRate/Coupon: 4%  Matures: 09/01/2025Filer comment:  No longer held,Government SecuritiesMunicipal Security,Spouse,"None (or less than $1,001)",Interest,"$201 - $1,000"
4.33.47,NORTH ALLEGHENY PA SCH DIST GORate/Coupon: 5%  Matures: 05/01/2025Filer comment:  No longer held,Government SecuritiesMunicipal Security,Spouse,"None (or less than $1,001)",Interest,"$201 - $1,000"
4.33.48,NORTH PENN PA WTR AUTH WTR REVRate/Coupon: 4%  Matures: 11/01/2025Filer comment:  No longer held,Government SecuritiesMunicipal Security,Spouse,"None (or less than $1,001)",Interest,"$201 - $1,000"
4.33.49,NORTHERN LEHIGH PA SCH DIST GORate/Coupon: 5%  Matures: 03/01/2025Filer comment:  No longer held,Government SecuritiesMunicipal Security,Spouse,"None (or less than $1,001)",Interest,"$201 - $1,000"
4.33.50,PA ST HIGHER EDL FACS AUTH REVRate/Coupon: 5%  Matures: 06/15/2025Filer comment:  No longer held,Government SecuritiesMunicipal Security,Spouse,"None (or less than $1,001)",Interest,"$1,001 - $2,500"
4.33.51,PENNSYLVANIA HSG FIN AGY REVRate/Coupon: 5%  Matures: 10/01/2025Filer comment:  No longer held,Government SecuritiesMunicipal Security,Spouse,"None (or less than $1,001)",Interest,"$2,501 - $5,000"
4.33.52,PENNSYLVANIA ST GORate/Coupon: 5%  Matures: 03/01/2025Filer comment:  No longer held,Government SecuritiesMunicipal Security,Spouse,"None (or less than $1,001)",Interest,"$201 - $1,000"
4.33.53,PENNSYLVANIA ST HIGHER EDL REVRate/Coupon: 5%  Matures: 06/15/2025Filer comment:  No longer held,Government SecuritiesMunicipal Security,Spouse,"None (or less than $1,001)",Interest,None (or less than $201)
4.33.54,PENNSYLVANIA ST HIGHER EDL REV CA JDRate/Coupon: 5%  Matures: 06/15/2025Filer comment:  No longer held,Government SecuritiesMunicipal Security,Spouse,"None (or less than $1,001)",Interest,None (or less than $201)
4.33.55,PENNSYLVANIA ST UNIV REVRate/Coupon: 5%  Matures: 03/01/2025Filer comment:  No longer held,Government SecuritiesMunicipal Security,Spouse,"None (or less than $1,001)",Interest,"$1,001 - $2,500"
4.33.56,PERKIOMEN VY SCH DIST PA GORate/Coupon: 5%  Matures: 11/15/2025Filer comment:  No longer held,Government SecuritiesMunicipal Security,Spouse,"None (or less than $1,001)",Interest,"$2,501 - $5,000"
4.33.57,PITTSBURGH PA GORate/Coupon: 4%  Matures: 09/01/2025Filer comment:  No longer held,Government SecuritiesMunicipal Security,Spouse,"None (or less than $1,001)",Interest,"$2,501 - $5,000"
4.33.58,PITTSBURGH PA GORate/Coupon: 5%  Matures: 09/01/2025Filer comment:  No longer held,Government SecuritiesMunicipal Security,Spouse,"None (or less than $1,001)",Interest,"$1,001 - $2,500"
4.33.59,PITTSBURGH PA PUB PKG AUTH PKG REVRate/Coupon: 5%  Matures: 12/01/2026Filer comment:  No longer held,Government SecuritiesMunicipal Security,Spouse,"None (or less than $1,001)",Interest,None (or less than $201)
4.33.60,ROSTRAVER TWP PA GORate/Coupon: 4%  Matures: 09/01/2025Filer comment:  No longer held,Government SecuritiesMunicipal Security,Spouse,"None (or less than $1,001)",Interest,"$2,501 - $5,000"
4.33.61,SOLEBURY TWP PA GORate/Coupon: 5%  Matures: 04/01/2025Filer comment:  No longer held,Government SecuritiesMunicipal Security,Spouse,"None (or less than $1,001)",Interest,"$201 - $1,000"
4.33.62,SOUTHEASTERN PA TRANSN AUTH REVRate/Coupon: 5%  Matures: 03/01/2025Filer comment:  No longer held,Government SecuritiesMunicipal Security,Spouse,"None (or less than $1,001)",Interest,"$1,001 - $2,500"
4.33.63,SOUTHEASTERN PA TRANSN AUTH REVRate/Coupon: 5%  Matures: 06/01/2025Filer comment:  No longer held,Government SecuritiesMunicipal Security,Spouse,"None (or less than $1,001)",Interest,"$201 - $1,000"
4.33.64,SPRING TWP PA GORate/Coupon: 5%  Matures: 11/15/2025Filer comment:  No longer held,Government SecuritiesMunicipal Security,Spouse,"None (or less than $1,001)",Interest,"$201 - $1,000"
4.33.65,STATE COLLEGE AREA SCHOOL DIST GORate/Coupon: 5%  Matures: 05/15/2025Filer comment:  No longer held,Government SecuritiesMunicipal Security,Spouse,"None (or less than $1,001)",Interest,"$201 - $1,000"
4.33.66,STATE COLLEGE PA AREA SCH DIST GORate/Coupon: 5%  Matures: 03/15/2025Filer comment:  No longer held,Government SecuritiesMunicipal Security,Spouse,"None (or less than $1,001)",Interest,"$1,001 - $2,500"
4.33.67,UNIV PITTSBURGH OF THE COMWLTH REVRate/Coupon: 5%  Matures: 02/15/2029Filer comment:  No longer held,Government SecuritiesMunicipal Security,Spouse,"None (or less than $1,001)","Interest, Capital Gains","$2,501 - $5,000"
4.33.68,UPPER MORELAND TWP PA SCH DIST GORate/Coupon: 5%  Matures: 10/01/2025Filer comment:  No longer held,Government SecuritiesMunicipal Security,Spouse,"None (or less than $1,001)",Interest,"$2,501 - $5,000"
4.33.69,UPPER ST CLAIR TWP PA GORate/Coupon: 5%  Matures: 06/01/2025Filer comment:  No longer held,Government SecuritiesMunicipal Security,Spouse,"None (or less than $1,001)",Interest,"$201 - $1,000"
4.33.70,WEST JEFFERSON HILLS PA SCH GO Rate/Coupon: 5%  Matures: 08/01/2025Filer comment:  No Longer held,Government SecuritiesMunicipal Security,Spouse,"None (or less than $1,001)",Interest,"$201 - $1,000"
4.33.71,WESTERN WESTMORELAND MUN AUTH REVRate/Coupon: 4%  Matures: 10/15/2025Filer comment:  No longer held,Government SecuritiesMunicipal Security,Spouse,"None (or less than $1,001)",Interest,"$1,001 - $2,500"
4.33.72,WILSON PA AREA SCH DIST GORate/Coupon: 4%  Matures: 03/15/2025Filer comment:  No longer held,Government SecuritiesMunicipal Security,Spouse,"None (or less than $1,001)",Interest,"$1,001 - $2,500"
4.33.73,YORK CNTY PA GO Rate/Coupon: 4%  Matures: 06/01/2025Filer comment:  No longer held,Government SecuritiesMunicipal Security,Spouse,"None (or less than $1,001)",Interest,None (or less than $201)
4.33.74,ABINGTON PA SCH DIST GORate/Coupon: 5%  Matures: 03/15/2025Filer comment:  No longer held,Government SecuritiesMunicipal Security,Spouse,"None (or less than $1,001)",Interest,"$201 - $1,000"
4.33.75,ALLEGHENY CNTY PA PORT AUTH REVRate/Coupon: 5%  Matures: 03/01/2025Filer comment:  No longer held,Government SecuritiesMunicipal Security,Spouse,"None (or less than $1,001)",Interest,"$2,501 - $5,000"
4.33.76,PENNSYLVANIA ST GORate/Coupon: 5%  Matures: 07/15/2025Filer comment:  No longer held,Government SecuritiesMunicipal Security,Spouse,"None (or less than $1,001)",Interest,"$2,501 - $5,000"
4.33.77,PENNSYLVANIA ST GORate/Coupon: 5%  Matures: 09/01/2025Filer comment:  No longer held,Government SecuritiesMunicipal Security,Spouse,"None (or less than $1,001)",Interest,"$2,501 - $5,000"
4.33.78,PENNSYLVANIA ST GORate/Coupon: 5%  Matures: 09/15/2025Filer comment:  No longer held,Government SecuritiesMunicipal Security,Spouse,"None (or less than $1,001)",Interest,"$5,001 - $15,000"
4.33.79,PENNSYLVANIA ST GORate/Coupon: 5%  Matures: 10/01/2025Filer comment:  No longer held,Government SecuritiesMunicipal Security,Spouse,"None (or less than $1,001)",Interest,"$5,001 - $15,000"
4.33.80,POCONO MTN PA SCH DIST GORate/Coupon: 5%  Matures: 09/01/2025Filer comment:  No longer held,Government SecuritiesMunicipal Security,Spouse,"None (or less than $1,001)",Interest,"$201 - $1,000"
4.33.81,COLONIAL PA SCH DIST GORate/Coupon: 5%  Matures: 02/15/2025Filer comment:  No longer held,Government SecuritiesMunicipal Security,Spouse,"None (or less than $1,001)",Interest,"$1,001 - $2,500"
4.33.82,DELAWARE RIV PORT AUTH PA & NJ REVRate/Coupon: 5%  Matures: 01/01/2026Filer comment:  No longer held,Government SecuritiesMunicipal Security,Spouse,"None (or less than $1,001)",Interest,"$5,001 - $15,000"
4.33.83,PENNSYLVANIA ST HIGHER EDL REVRate/Coupon: 5%  Matures: 06/15/2025Filer comment:  No longer held,Government SecuritiesMunicipal Security,Spouse,"None (or less than $1,001)",Interest,"$201 - $1,000"
4.33.84,CARLISLE PA AREA SCH DIST GORate/Coupon: 5%  Matures: 09/01/2025Filer comment:  No longer held,Government SecuritiesMunicipal Security,Spouse,"None (or less than $1,001)",Interest,"$2,501 - $5,000"
4.33.85,NORTH HILLS PA SCH DIST GORate/Coupon: 4%  Matures: 10/15/2025Filer comment:  No longer held,Government SecuritiesMunicipal Security,Spouse,"None (or less than $1,001)",Interest,None (or less than $201)
4.33.86,PITTSBURGH PENNSYLVANIA GORate/Coupon: 5%  Matures: 09/01/2025Filer comment:  No longer held,Government SecuritiesMunicipal Security,Spouse,"None (or less than $1,001)",Interest,"$2,501 - $5,000"
4.33.87,EST HMPFLD TW PA IND DV AT REVRate/Coupon: 5%  Matures: 07/01/2047Filer comment:  No longer held,Government SecuritiesMunicipal Security,Spouse,"None (or less than $1,001)",Interest,"$2,501 - $5,000"
4.33.88,NORTHEASTERN YORK PA SCH DIST GORate/Coupon: 5%  Matures: 03/01/2031Filer comment:  No longer held,Government SecuritiesMunicipal Security,Spouse,"None (or less than $1,001)",Interest,"$1,001 - $2,500"
4.33.89,NAZARETH PA AREA SCH DIST GORate/Coupon: 5%  Matures: 11/15/2036Filer comment:  No longer held,Government SecuritiesMunicipal Security,Spouse,"None (or less than $1,001)",Interest,"$1,001 - $2,500"
4.33.90,PENNSYLVANIA ST GORate/Coupon: 5%  Matures: 01/01/2026Filer comment:  No longer held,Government SecuritiesMunicipal Security,Spouse,"None (or less than $1,001)",Interest,"$2,501 - $5,000"
4.33.91,UPPER ST CLAIR TWP PA SCH DIST GORate/Coupon: 4%  Matures: 10/01/2025Filer comment:  No longer held,Government SecuritiesMunicipal Security,Spouse,"None (or less than $1,001)",Interest,"$201 - $1,000"
4.33.92,BELLEFONTE PA AREA SCH DIST GORate/Coupon: 5%  Matures: 05/15/2025Filer comment:  No longer held,Government SecuritiesMunicipal Security,Spouse,"None (or less than $1,001)",Interest,"$201 - $1,000"
4.33.93,PHILADELPHIA PA WTR & WASTEWTR REVRate/Coupon: 5%  Matures: 10/01/2025Filer comment:  No longer held,Government SecuritiesMunicipal Security,Spouse,"None (or less than $1,001)",Interest,"$2,501 - $5,000"
4.33.94,ARMSTRONG CNTY PA GORate/Coupon: 5%  Matures: 06/01/2026Filer comment:  No longer held,Government SecuritiesMunicipal Security,Spouse,"None (or less than $1,001)",Interest,None (or less than $201)
4.33.95,PENNSYLVANIA ST TPK COMMN TPK REVRate/Coupon: 5%  Matures: 12/01/2025Filer comment:  No longer held,Government SecuritiesMunicipal Security,Spouse,"None (or less than $1,001)",Interest,"$5,001 - $15,000"
4.33.96,MONTOUR PA SCH DIST GORate/Coupon: 5%  Matures: 04/01/2042Filer comment:  No longer held,Government SecuritiesMunicipal Security,Spouse,"None (or less than $1,001)",Interest,"$201 - $1,000"
4.33.97,PHILADELPHIA PA GORate/Coupon: 5%  Matures: 08/01/2025Filer comment:  No longer held,Government SecuritiesMunicipal Security,Spouse,"None (or less than $1,001)",Interest,"$201 - $1,000"
4.33.98,WHITEHALL TWP PA GORate/Coupon: 5%  Matures: 12/01/2025Filer comment:  No longer held,Government SecuritiesMunicipal Security,Spouse,"None (or less than $1,001)",Interest,"$1,001 - $2,500"
4.33.99,PENNSYLVANIA ST TPK COMMN TPK REVRate/Coupon: 5%  Matures: 06/01/2025Filer comment:  No longer held,Government SecuritiesMunicipal Security,Spouse,"None (or less than $1,001)",Interest,None (or less than $201)
4.33.100,LANCASTER CNTY PA GORate/Coupon: 5%  Matures: 11/01/2025Filer comment:  No longer held,Government SecuritiesMunicipal Security,Spouse,"None (or less than $1,001)",Interest,"$1,001 - $2,500"
4.33.101,PA ST HIGHER EDL FACS AUTHRate/Coupon: 5%  Matures: 10/01/2036Filer comment:  No longer held,Government SecuritiesMunicipal Security,Spouse,"None (or less than $1,001)",Interest,"$201 - $1,000"
4.33.102,PENNSYLVANIA ST TPK COMMN OIL REVRate/Coupon: 5%  Matures: 12/01/2025Filer comment:  No longer held,Government SecuritiesMunicipal Security,Spouse,"None (or less than $1,001)",Interest,"$1,001 - $2,500"
4.33.103,BETHLEHEM PA AREA SCH DIST GORate/Coupon: 5%  Matures: 07/15/2025Filer comment:  No longer held,Government SecuritiesMunicipal Security,Spouse,"None (or less than $1,001)",Interest,"$2,501 - $5,000"
4.33.104,ALTOONA PA AREA SCH DIST GORate/Coupon: 5%  Matures: 12/01/2039Filer comment:  No longer held,Government SecuritiesMunicipal Security,Spouse,"None (or less than $1,001)",Interest,"$201 - $1,000"
4.33.105,NORTHERN LEHIGH PA SCH DIST GORate/Coupon: 5%  Matures: 03/01/2026Filer comment:  No longer held,Government SecuritiesMunicipal Security,Spouse,"None (or less than $1,001)",Interest,"$201 - $1,000"
4.33.106,PITTSBURGH PA SCH DIST GORate/Coupon: 5%  Matures: 09/01/2025Filer comment:  No longer held,Government SecuritiesMunicipal Security,Spouse,"None (or less than $1,001)",Interest,"$201 - $1,000"
4.33.107,CHELTENHAM TWP PA SCH DISTRate/Coupon: 4%  Matures: 09/15/2025Filer comment:  No longer held,Government SecuritiesMunicipal Security,Spouse,"None (or less than $1,001)",Interest,"$201 - $1,000"
4.33.108,WEST VIEW PA WTR AUTH WTR REVRate/Coupon: 5%  Matures: 11/15/2025Filer comment:  No longer held,Government SecuritiesMunicipal Security,Spouse,"None (or less than $1,001)",Interest,"$201 - $1,000"
4.33.109,CENTRE CNTY PA HOSP AUTH REVRate/Coupon: 5%  Matures: 11/15/2046Filer comment:  No longer held,Government SecuritiesMunicipal Security,Spouse,"None (or less than $1,001)",Interest,"$201 - $1,000"
4.33.110,NORTHAMPTON CNTY PA REVRate/Coupon: 5%  Matures: 11/15/2025Filer comment:  No longer held,Government SecuritiesMunicipal Security,Spouse,"None (or less than $1,001)",Interest,"$2,501 - $5,000"
4.33.111,PENNSYLVANIA ST UNIV REVRate/Coupon: 5%  Matures: 09/01/2025Filer comment:  No longer held,Government SecuritiesMunicipal Security,Spouse,"None (or less than $1,001)",Interest,"$1,001 - $2,500"
4.33.112,ELIZABETHTOWN PA AREA SCH DIST GORate/Coupon: 4%  Matures: 11/15/2025Filer comment:  No longer held,Government SecuritiesMunicipal Security,Spouse,"None (or less than $1,001)",Interest,None (or less than $201)
4.33.113,HANOVER BORO PA GORate/Coupon: 4%  Matures: 10/01/2025Filer comment:  No longer held,Government SecuritiesMunicipal Security,Spouse,"None (or less than $1,001)",Interest,None (or less than $201)
4.33.114,PA ST HIGHER EDL FACS AUTH RERate/Coupon: 5%  Matures: 10/01/2025Filer comment:  No longer held,Government SecuritiesMunicipal Security,Spouse,"None (or less than $1,001)",Interest,"$201 - $1,000"
4.33.115,DELAWARE CNTY PA AUTH COLLEGE REVRate/Coupon: 5%  Matures: 10/01/2025Filer comment:  No longer held,Government SecuritiesMunicipal Security,Spouse,"None (or less than $1,001)",Interest,"$201 - $1,000"
4.33.116,EAST PENN PA SCH DIST GORate/Coupon: 4%  Matures: 11/15/2025Filer comment:  No longer held,Government SecuritiesMunicipal Security,Spouse,"None (or less than $1,001)",Interest,None (or less than $201)
4.33.117,UPPER MERION PA AREA SCH DIST GORate/Coupon: 5%  Matures: 01/15/2031Filer comment:  No longer held,Government SecuritiesMunicipal Security,Spouse,"None (or less than $1,001)",Interest,"$201 - $1,000"
4.33.118,PHILADELPHIA PA GORate/Coupon: 5%  Matures: 02/01/2026Filer comment:  No longer held,Government SecuritiesMunicipal Security,Spouse,"None (or less than $1,001)",Interest,"$2,501 - $5,000"
4.33.119,NORTHAMPTON CNTY PA GORate/Coupon: 5%  Matures: 10/01/2025Filer comment:  No longer held,Government SecuritiesMunicipal Security,Spouse,"None (or less than $1,001)",Interest,"$1,001 - $2,500"
4.33.120,SENECA VY PA SCH DIST GORate/Coupon: 5%  Matures: 03/01/2026Filer comment:  No longer held,Government SecuritiesMunicipal Security,Spouse,"None (or less than $1,001)",Interest,"$1,001 - $2,500"
4.33.121,PALMER TWP PA GORate/Coupon: 4%  Matures: 11/15/2025Filer comment:  No longer held,Government SecuritiesMunicipal Security,Spouse,"None (or less than $1,001)",Interest,"$201 - $1,000"
4.33.122,ADAMS CNTY PA GORate/Coupon: 5%  Matures: 11/15/2025Filer comment:  No longer held,Government SecuritiesMunicipal Security,Spouse,"None (or less than $1,001)",Interest,"$1,001 - $2,500"
4.33.123,CENTENNIAL SCH DIST BUCKS CNTY GORate/Coupon: 5%  Matures: 12/15/2025Filer comment:  No longer held,Government SecuritiesMunicipal Security,Spouse,"None (or less than $1,001)",Interest,"$201 - $1,000"
4.33.124,EAST STROUDSBURG PA AREA GORate/Coupon: 5%  Matures: 09/01/2025Filer comment:  No longer held,Government SecuritiesMunicipal Security,Spouse,"None (or less than $1,001)",Interest,"$2,501 - $5,000"
4.33.125,HAVERFORD TWP PA SCH DIST GORate/Coupon: 5%  Matures: 03/01/2026Filer comment:  No longer held,Government SecuritiesMunicipal Security,Spouse,"None (or less than $1,001)",Interest,"$201 - $1,000"
4.33.126,BUCKS CNTY PA CMNTY COLLEGE REVRate/Coupon: 5%  Matures: 06/15/2025Filer comment:  No longer held,Government SecuritiesMunicipal Security,Spouse,"None (or less than $1,001)",Interest,"$1,001 - $2,500"
4.34,BUCKS CNTY PA CMNTY COLLEGE REVRate/Coupon: 5%  Matures: 06/15/2028,Government SecuritiesMunicipal Security,Spouse,"$50,001 - $100,000",Interest,"$2,501 - $5,000"
4.35,CENTENNIAL SCH DIST BUCKS CNTY GORate/Coupon: 5%  Matures: 12/15/2028,Government SecuritiesMunicipal Security,Spouse,"$15,001 - $50,000",Interest,"$1,001 - $2,500"
4.36,NORTHAMPTON CNTY PA GEN PURP A REVRate/Coupon: 5%  Matures: 11/15/2029,Government SecuritiesMunicipal Security,Spouse,"$50,001 - $100,000",Interest,"$2,501 - $5,000"
4.37,PENNSYLVANIA INFRASTRUCTURE REVRate/Coupon: 5%  Matures: 01/15/2028,Government SecuritiesMunicipal Security,Spouse,"$15,001 - $50,000",Interest,"$1,001 - $2,500"
4.38,ALLEGHENY CNTY PA ARPT AUTH REVRate/Coupon: 5%  Matures: 01/01/2028,Government SecuritiesMunicipal Security,Spouse,"$50,001 - $100,000",Interest,"$2,501 - $5,000"
4.39,BDT&MSD,Brokerage/Managed Account,Spouse,--,,
4.39.1,"BDT FundDescription: Private Equity Fund (New York, NY)",Investment FundPrivate Equity Fund,Spouse,"Over $1,000,000 and held independently by spouse or dependent child",Excepted Investment Fund,"Over $1,000,000 and held independently by spouse or dependent child"
4.40,LOWER MERION TWP PA GORate/Coupon: 5%  Matures: 01/15/2026,Government SecuritiesMunicipal Security,Spouse,"$1,001 - $15,000",Interest,"$201 - $1,000"
4.41,PENNSYLVANIA ST TPK COMMN TPK REVRate/Coupon: 5%  Matures: 12/01/2030,Government SecuritiesMunicipal Security,Spouse,"$50,001 - $100,000",Interest,"$1,001 - $2,500"
4.42,PENNSYLVANIA ST UNIV REVRate/Coupon: 5%  Matures: 03/01/2026,Government SecuritiesMunicipal Security,Spouse,"$15,001 - $50,000",Interest,"$201 - $1,000"
4.43,CENTRAL DAUPHIN PA SCH DIST GORate/Coupon: 5%  Matures: 02/01/2026,Government SecuritiesMunicipal Security,Spouse,"$1,001 - $15,000",Interest,"$201 - $1,000"
4.44,CHESTER CNTY PA GORate/Coupon: 4%  Matures: 07/15/2026,Government SecuritiesMunicipal Security,Spouse,"$1,001 - $15,000",Interest,None (or less than $201)
4.45,CLARKSVILLE TENN GORate/Coupon: 5%  Matures: 01/01/2032,Government SecuritiesMunicipal Security,Spouse,"$100,001 - $250,000",Interest,None (or less than $201)
4.46,DAUPHIN CNTY PA GO MN GO BDS 2020 A UTRate/Coupon: 5%  Matures: 11/15/2026,Government SecuritiesMunicipal Security,Spouse,"$50,001 - $100,000",Interest,"$2,501 - $5,000"
4.47,EASTON PA AREA SCH DIST GORate/Coupon: 4%  Matures: 04/01/2026,Government SecuritiesMunicipal Security,Spouse,"$15,001 - $50,000",Interest,"$201 - $1,000"
4.48,ENERGY NORTHWEST WASH ELEC REVRate/Coupon: 5%  Matures: 07/01/2034,Government SecuritiesMunicipal Security,Spouse,"$100,001 - $250,000",Interest,None (or less than $201)
4.49,GREATER LATROBE PA SCH AUTH REVRate/Coupon: 5%  Matures: 10/01/2030,Government SecuritiesMunicipal Security,Spouse,"$100,001 - $250,000",Interest,None (or less than $201)
4.50,HOLLIDAYSBURG PA AREA SCH DIST GORate/Coupon: 4%  Matures: 03/15/2026,Government SecuritiesMunicipal Security,Spouse,"$1,001 - $15,000",Interest,"$201 - $1,000"
4.51,KING CNTY WASH SCH DIST NO 403 GORate/Coupon: 5%  Matures: 12/01/2030,Government SecuritiesMunicipal Security,Spouse,"$100,001 - $250,000",Interest,"$2,501 - $5,000"
4.52,LOWER MERION PA SCH DIST GORate/Coupon: 5%  Matures: 04/01/2026,Government SecuritiesMunicipal Security,Spouse,"$1,001 - $15,000",Interest,"$201 - $1,000"
4.53,LOWER MERION TWP PA GO Rate/Coupon: 5%  Matures: 01/15/2026,Government SecuritiesMunicipal Security,Spouse,"$1,001 - $15,000",Interest,"$201 - $1,000"
4.54,MONROE CNTY PA HOSP AUTH REVRate/Coupon: 5%  Matures: 07/01/2036,Government SecuritiesMunicipal Security,Spouse,"$100,001 - $250,000",Interest,None (or less than $201)
4.55,MONTGOMERY CNTY PA INDL DEV REVRate/Coupon: 5%  Matures: 12/01/2028,Government SecuritiesMunicipal Security,Spouse,"$100,001 - $250,000",Interest,"$1,001 - $2,500"
4.56,MONTGOMERY CNTY PA INDL DEV REVRate/Coupon: 5%  Matures: 12/01/2031,Government SecuritiesMunicipal Security,Spouse,"$100,001 - $250,000",Interest,"$1,001 - $2,500"
4.57,NEVADA ST GORate/Coupon: 5%  Matures: 05/01/2031,Government SecuritiesMunicipal Security,Spouse,"$100,001 - $250,000",Interest,"$1,001 - $2,500"
4.58,NORTHAMPTON CNTY PA GEN PURP A REVRate/Coupon: 5%  Matures: 11/15/2034,Government SecuritiesMunicipal Security,Spouse,"$100,001 - $250,000",Interest,"$2,501 - $5,000"
4.59,OHIO ST UNIV GEN RCPTS REVRate/Coupon: 5%  Matures: 06/01/2035,Government SecuritiesMunicipal Security,Spouse,"$100,001 - $250,000",Interest,None (or less than $201)
4.60,OHIO ST WTR DEV AUTH WTR REVRate/Coupon: 5%  Matures: 12/01/2035,Government SecuritiesMunicipal Security,Spouse,"$100,001 - $250,000",Interest,None (or less than $201)
4.61,PA ST TPK COMMN TPK REV Rate/Coupon: 5%  Matures: 12/01/2030,Government SecuritiesMunicipal Security,Spouse,"$100,001 - $250,000",Interest,None (or less than $201)
4.62,PENNSYLVANIA ST GORate/Coupon: 5%  Matures: 03/01/2026,Government SecuritiesMunicipal Security,Spouse,"$15,001 - $50,000",Interest,"$201 - $1,000"
4.63,PENNSYLVANIA ST GORate/Coupon: 5%  Matures: 8/15/2034,Government SecuritiesMunicipal Security,Spouse,"$100,001 - $250,000",Interest,None (or less than $201)
4.64,PENNSYLVANIA ST GORate/Coupon: 5%  Matures: 8/15/2034,Government SecuritiesMunicipal Security,Spouse,"$100,001 - $250,000",Interest,None (or less than $201)
4.65,PENNSYLVANIA ST GORate/Coupon: 5%  Matures: 09/01/2034,Government SecuritiesMunicipal Security,Spouse,"$100,001 - $250,000",Interest,None (or less than $201)
4.66,PENNSYLVANIA ST HIGHER EDL REVRate/Coupon: 5%  Matures: 06/15/2032,Government SecuritiesMunicipal Security,Spouse,"$100,001 - $250,000",Interest,None (or less than $201)
4.67,PHILADELPHIA PA WTR & WASTEWTR REVRate/Coupon: 5%  Matures: 09/01/2031,Government SecuritiesMunicipal Security,Spouse,"$100,001 - $250,000",Interest,None (or less than $201)
4.68,UNIV PITTSBURGH OF THE COMWLTH REVRate/Coupon: 4%  Matures: 04/15/2026,Government SecuritiesMunicipal Security,Spouse,"$100,001 - $250,000",Interest,"$2,501 - $5,000"
4.69,UNIV PITTSBURGH OF THE COMWLTH REVRate/Coupon: 5%  Matures: 04/15/2032,Government SecuritiesMunicipal Security,Spouse,"$100,001 - $250,000",Interest,None (or less than $201)
4.70,UPPER MERION PARate/Coupon: 5%  Matures: 01/15/2030,Government SecuritiesMunicipal Security,Spouse,"$1,001 - $15,000",Interest,None (or less than $201)
4.71,"GS - Goldman Sachs Group, Inc. (The) Common StockFiler comment:  No longer held",Corporate SecuritiesStock,Spouse,"None (or less than $1,001)",Capital Gains,"Over $1,000,000 and held independently by spouse or dependent child"
4.72,"Catalio Nexus Fund 4Description: Private Equity Fund (New York, NY)",Investment FundPrivate Equity Fund,Spouse,"$50,001 - $100,000",Excepted Investment Fund,"$1,001 - $2,500"
5,Dina Powell 401k,"Retirement Plans401(k), 403(b), or other Defined Contribution Plan.",Spouse,--,,
5.1,FXAIX - Fidelity 500 Index Fund,Mutual FundsMutual Fund,Spouse,"$15,001 - $50,000",None,None (or less than $201)
5.2,FSPSX - Fidelity International Index Fund,Mutual FundsMutual Fund,Spouse,"$15,001 - $50,000",None,None (or less than $201)
6,Dina Powell IRA,Retirement PlansIRA,Spouse,--,,
6.1,GGNPX,Mutual FundsMutual Fund,Spouse,"$250,001 - $500,000",None,None (or less than $201)
6.2,GADPX,Mutual FundsMutual Fund,Spouse,"Over $1,000,000 and held independently by spouse or dependent child",None,None (or less than $201)
7,Dina Powell & David McCormick Account,Brokerage/Managed Account,Joint,--,,
7.1,"West Street Capital Partners VIII Employee Fund LPDescription: Private Equity (New York, NY)",Investment FundPrivate Equity Fund,Joint,"$1,000,001 - $5,000,000",Excepted Investment Fund,None (or less than $201)
7.2,"Stonebridge 2021 Access Fund LPDescription: Private Equity Fund (New York, NY)",Investment FundPrivate Equity Fund,Joint,"$1,000,001 - $5,000,000",Excepted Investment Fund,None (or less than $201)
7.3,"West Street Strategic Solutions Employee Fund I, LPDescription: Private Equity Fund (New York, NY)",Investment FundPrivate Equity Fund,Joint,"$500,001 - $1,000,000",Excepted Investment Fund,None (or less than $201)
8,Bridgewater Associates Holdings Inc.Filer comment:  Bridgewater Exit Agreement,Brokerage/Managed Account,Self,--,,
8.1,Bridgewater Equity InstrumentFiler comment:  Proceeds from an exit agreement,Corporate SecuritiesStock,Self,"Over $50,000,000",Dividends,"Over $5,000,000"
9,David McCormick 401k,"Retirement Plans401(k), 403(b), or other Defined Contribution Plan.",Self,--,,
9.1,MPPP Special Situations Enhanced-Liquidity,Mutual FundsMutual Fund,Self,"$15,001 - $50,000",None,None (or less than $201)
9.2,MPPP Passive US Bonds,Mutual FundsMutual Fund,Self,"$1,001 - $15,000",None,None (or less than $201)
9.3,VWENX - Vanguard Wellington Fund Admiral Shares,Mutual FundsMutual Fund,Self,"$250,001 - $500,000",None,None (or less than $201)
9.4,MPPP Target Retirement 2030,Mutual FundsMutual Fund,Self,"None (or less than $1,001)",None,None (or less than $201)
10,David H. McCormick Revocable Trust,TrustGeneral Trust,Self,--,,
10.1,Fidelity David H. McCormick Revocable Trust Fixed Income Account,Brokerage/Managed Account,Self,--,,
10.1.1,Aercap Ireland Capital Limited Note Rate/Coupon: 3.65%  Matures: 07/21/2027,Corporate SecuritiesCorporate Bond,Self,"$250,001 - $500,000",Interest,"$15,001 - $50,000"
10.1.2,ATI NoteRate/Coupon: 5.875%  Matures: 12/1/2027,Corporate SecuritiesCorporate Bond,Self,"$250,001 - $500,000",Interest,"$15,001 - $50,000"
10.1.3,ARCELORMITTAL SA LUXEMBOURG NOTERate/Coupon: 4.55%  Matures: 03/11/2026,Corporate SecuritiesCorporate Bond,Self,"$250,001 - $500,000",Interest,"$15,001 - $50,000"
10.1.4,BEAZER HOMES USA INC SER B NOTE Rate/Coupon: 5.875%  Matures: 10/15/2027,Corporate SecuritiesCorporate Bond,Self,"$250,001 - $500,000",Interest,"$15,001 - $50,000"
10.1.5,FIFTH THIRD BANCORP BOND PERPETUAL (Floating Rate)Rate/Coupon: 5.10% (Floating Rate)  Matures: 12/31/2049,Corporate SecuritiesCorporate Bond,Self,"$250,001 - $500,000",Interest,"$15,001 - $50,000"
10.1.6,FREEPORT MCMORAN INC NOTE Rate/Coupon: 5%  Matures: 09/1/2027,Corporate SecuritiesCorporate Bond,Self,"$250,001 - $500,000",Interest,"$15,001 - $50,000"
10.1.7,GENERAL MTRS FINL CO INC BOND PERPETUAL (Floating Rate) Rate/Coupon: 6.50% (Floating Rate)  Matures: 12/31/2049,Corporate SecuritiesCorporate Bond,Self,"$250,001 - $500,000",Interest,"$15,001 - $50,000"
10.1.8,HANOVER INS GROUP INC NOTE Rate/Coupon: 4.5%  Matures: 04/15/2026,Corporate SecuritiesCorporate Bond,Self,"$250,001 - $500,000",Interest,"$15,001 - $50,000"
10.1.9,JEFFERIES GROUP INC BONDRate/Coupon: 6.45%  Matures: 06/08/2027,Corporate SecuritiesCorporate Bond,Self,"$100,001 - $250,000",Interest,"$15,001 - $50,000"
10.1.10,BATH & BODY WORKS INC NOTERate/Coupon: 7.5%  Matures: 06/15/2029,Corporate SecuritiesCorporate Bond,Self,"$250,001 - $500,000",Interest,"$15,001 - $50,000"
10.1.11,LEGG MASON INC NOTE Rate/Coupon: 4.75%  Matures: 03/15/2026,Corporate SecuritiesCorporate Bond,Self,"$250,001 - $500,000",Interest,"$15,001 - $50,000"
10.1.12,TRI POINTE HOMES INC NOTERate/Coupon: 5.25%  Matures: 06/01/2027,Corporate SecuritiesCorporate Bond,Self,"$250,001 - $500,000",Interest,"$15,001 - $50,000"
10.1.13,PUBLIC FIN AUTH WISCONSIN LEASE DEV REV REV BDS KU CAMPUS DEVELOPMENT CORPORATION CENTRALRate/Coupon: 5%  Matures: 03/01/2029,Government SecuritiesMunicipal Security,Self,"$250,001 - $500,000",Interest,"$15,001 - $50,000"
10.1.14,PUBLIC FIN AUTH WISCONSIN LEASE DEV REV REV BDS KU CAMPUS DEVELOPMENT CORPORATION CENTRALRate/Coupon: 5%  Matures: 03/01/2030,Government SecuritiesMunicipal Security,Self,"$100,001 - $250,000",Interest,"$5,001 - $15,000"
10.1.15,ST JOSEPH CNTY INDIANA HOSP AUTH HOSP REV HOSP REV BDS BEACON HEALTH SYSTEM SER.2013CRate/Coupon: 5%  Matures: 08/15/2036,Government SecuritiesMunicipal Security,Self,"$100,001 - $250,000",Interest,"$5,001 - $15,000"
10.1.16,WARRIOR RIVER ALABAMA WTR AUTH WTR REV BDS SER. 2019Rate/Coupon: 4%  Matures: 08/01/2035,Government SecuritiesMunicipal Security,Self,"$50,001 - $100,000",Interest,"$2,501 - $5,000"
10.1.17,US Treasury BondsRate/Coupon: None  Matures: None,Government SecuritiesUS Treasury/Agency Security,Self,"$500,001 - $1,000,000","Interest, Capital Gains","$5,001 - $15,000"
10.1.18,"Embree Net Lease Fund II LPDescription: Private Real Estate (Austin, TX)",Investment FundPrivate Equity Fund,Self,"$500,001 - $1,000,000",Excepted Investment Fund,"$100,001 - $1,000,000"
10.1.19,"Embree Net Lease Fund III LPDescription: Private Real Estate (Austin, TX)",Investment FundPrivate Equity Fund,Self,"$500,001 - $1,000,000",Excepted Investment Fund,"$15,001 - $50,000"
10.1.20,"Embree Net Lease Fund IV LPDescription: Private Real Estate (Austin, TX)",Investment FundPrivate Equity Fund,Self,"$1,000,001 - $5,000,000",Excepted Investment Fund,"$15,001 - $50,000"
10.1.21,UNIVERSITY CONN GO BDS SER.2015A Rate/Coupon: 5%  Matures: 02/15/2028,Government SecuritiesMunicipal Security,Self,"$50,001 - $100,000",Interest,"$2,501 - $5,000"
10.1.22,DARIEN CONN GO BDS SER. 2020Rate/Coupon: 5%  Matures: 08/01/2028,Government SecuritiesMunicipal Security,Self,"$50,001 - $100,000",Interest,"$2,501 - $5,000"
10.1.23,ESSEX CONN GO BDS SER. 2017Rate/Coupon: 3%  Matures: 09/15/2029,Government SecuritiesMunicipal Security,Self,"$250,001 - $500,000",Interest,"$5,001 - $15,000"
10.1.24,MILFORD CONN GO REF BDS SER. 2021Rate/Coupon: 5%  Matures: 11/01/2031,Government SecuritiesMunicipal Security,Self,"$250,001 - $500,000",Interest,"$15,001 - $50,000"
10.1.25,UNIVERSITY CONN GO BDS SER. 2022 ARate/Coupon: 5%  Matures: 05/01/2032,Government SecuritiesMunicipal Security,Self,"$250,001 - $500,000",Interest,"$15,001 - $50,000"
10.1.26,NEW YORK ST DORM AUTH ST PERS INCOMERate/Coupon: 5%  Matures: 03/15/2036,Government SecuritiesMunicipal Security,Self,"$100,001 - $250,000",Interest,"$5,001 - $15,000"
10.1.27,NAUGATUCK CONN CTFS PARTN COPS NAUGATUCKRate/Coupon: 4%  Matures: 08/15/2041,Government SecuritiesMunicipal Security,Self,"$250,001 - $500,000",Interest,"$5,001 - $15,000"
10.1.28,VERMONT EDL & HEALTH BLDGS FING AGY REVRate/Coupon: 5%  Matures: 11/01/2049,Government SecuritiesMunicipal Security,Self,"$250,001 - $500,000",Interest,"$15,001 - $50,000"
10.1.29,F&G ANNUITIES &LIFE INC SER B NOTE Rate/Coupon: 7%  Matures: 01/13/2028,Corporate SecuritiesCorporate Bond,Self,"$250,001 - $500,000",Interest,"$15,001 - $50,000"
10.1.30,RADIAN GROUP INC NOTE CALL MAKE WHOLE Rate/Coupon: 6.2%  Matures: 05/15/2029,Corporate SecuritiesCorporate Bond,Self,"$250,001 - $500,000",Interest,"$15,001 - $50,000"
10.1.31,FORD MOTOR CO NOTE Rate/Coupon: 7.45%  Matures: 07/16/2031,Corporate SecuritiesCorporate Bond,Self,"$250,001 - $500,000",Interest,"$15,001 - $50,000"
10.1.32,ALLY FINL INC NOTERate/Coupon: 8%  Matures: 11/01/2031,Corporate SecuritiesCorporate Bond,Self,"$250,001 - $500,000",Interest,"$15,001 - $50,000"
10.1.33,BROWN &BROWN INC NOTE CALL MAKE WHOLERate/Coupon: 4.2%  Matures: 03/17/2032,Corporate SecuritiesCorporate Bond,Self,"$250,001 - $500,000",Interest,"$15,001 - $50,000"
10.1.34,CAPITAL ONE FINANCIAL F/K/A DISCOVER FINL SVCS NOTERate/Coupon: 7.964%  Matures: 11/02/2034,Corporate SecuritiesCorporate Bond,Self,"$250,001 - $500,000",Interest,"$15,001 - $50,000"
10.1.35,PENNSYLVANIA ST GO BDS SER.2016Rate/Coupon: 5%  Matures: 09/15/2026,Government SecuritiesMunicipal Security,Self,"$100,001 - $250,000",Interest,"$5,001 - $15,000"
10.1.36,PENNSYLVANIA ST TPK COMMN OIL FRANCHISE TAX REV REV REF BDS SER. ARate/Coupon: 5%  Matures: 12/01/2028,Government SecuritiesMunicipal Security,Self,"$50,001 - $100,000",Interest,"$2,501 - $5,000"
10.1.37,PENNSYLVANIA ST TPK COMMN TPK REV SUB BDS SER. 2017 ARate/Coupon: 5%  Matures: 12/01/2028,Government SecuritiesMunicipal Security,Self,"$50,001 - $100,000",Interest,"$2,501 - $5,000"
10.1.38,PENNSYLVANIA ST HIGHER EDL FACS AUTH REV UNIVERSITY OF PENNSYLVANIA HLTH SYS SER. 2019Rate/Coupon: 5%  Matures: 08/15/2032,Government SecuritiesMunicipal Security,Self,"$250,001 - $500,000",Interest,"$15,001 - $50,000"
10.1.39,MONTGOMERY CNTY PA HIGHER ED & HEALTH AUTH REV THOMAS JEFFERSON UNIV SER. 2019Rate/Coupon: 5%  Matures: 09/01/2031,Government SecuritiesMunicipal Security,Self,"$250,001 - $500,000",Interest,"$15,001 - $50,000"
10.1.40,PENNSYLVANIA ST TPK COMMN TPK REV BDS SER. 2018 A-2Rate/Coupon: 5%  Matures: 12/01/2043,Government SecuritiesMunicipal Security,Self,"$100,001 - $250,000",Interest,"$5,001 - $15,000"
10.1.41,BITB - Bitwise Bitcoin ETF,Corporate SecuritiesStock,Self,"$1,000,001 - $5,000,000",None,None (or less than $201)
10.1.42,ETHW - Bitwise Ethereum ETF,Corporate SecuritiesStock,Self,"$250,001 - $500,000",None,None (or less than $201)
10.1.43,BLUE OWL CR INCOME CORP SER B NOTERate/Coupon: 7.75%  Matures: 01/15/2029,Corporate SecuritiesCorporate Bond,Self,"$250,001 - $500,000",Interest,"$15,001 - $50,000"
10.1.44,LAZARD LLC NOTE Rate/Coupon: 6%  Matures: 03/15/2031,Corporate SecuritiesCorporate Bond,Self,"$250,001 - $500,000","Interest, Capital Gains","$15,001 - $50,000"
10.1.45,BLUE OWL CR INCOME CORP SER B NOTERate/Coupon: 6.65%  Matures: 03/15/2031,Corporate SecuritiesCorporate Bond,Self,"$250,001 - $500,000",Interest,"$15,001 - $50,000"
10.1.46,EVERSOURCE ENERGY SER BB NOTERate/Coupon: 5.125%  Matures: 05/15/2033,Corporate SecuritiesCorporate Bond,Self,"$250,001 - $500,000",Interest,"$15,001 - $50,000"
10.1.47,PILGRIMS PRIDE CORP NOTERate/Coupon: 6.25%  Matures: 07/01/2033,Corporate SecuritiesCorporate Bond,Self,"$250,001 - $500,000",Interest,"$15,001 - $50,000"
10.1.48,F&G ANNUITIES &LIFE INC NOTERate/Coupon: 6.25%  Matures: 10/04/2034,Corporate SecuritiesCorporate Bond,Self,"$250,001 - $500,000",Interest,"$15,001 - $50,000"
10.1.49,PHILADELPHIA PA SCH DIST GO REF BDS SERRate/Coupon: 5%  Matures: 09/01/2033,Government SecuritiesMunicipal Security,Self,"$250,001 - $500,000",Interest,"$15,001 - $50,000"
10.1.50,PENNSYLVANIA ST TPK COMMN TPK REV Rate/Coupon: 5%  Matures: 12/01/2033,Government SecuritiesMunicipal Security,Self,"$250,001 - $500,000",Interest,"$15,001 - $50,000"
10.1.51,PHILADELPHIA PA GO BDS SER. 2019B Rate/Coupon: 5%  Matures: 02/01/2034,Government SecuritiesMunicipal Security,Self,"$100,001 - $250,000",Interest,"$5,001 - $15,000"
10.1.52,PENNSYLVANIA ST TPK COMMN TPK REV MTRRate/Coupon: 5%  Matures: 12/01/2040,Government SecuritiesMunicipal Security,Self,"$250,001 - $500,000",Interest,"$15,001 - $50,000"
10.1.53,PENNSYLVANIA ST TPK COMMN TPK REV BDSRate/Coupon: 5%  Matures: 12/01/2043,Government SecuritiesMunicipal Security,Self,"$100,001 - $250,000",Interest,"$5,001 - $15,000"
10.1.54,CARLYLE SECURED LENDING INC NOTERate/Coupon: 6.75%  Matures: 02/18/2030,Corporate SecuritiesCorporate Bond,Self,"$250,001 - $500,000",Interest,"$15,001 - $50,000"
10.1.55,MCDONALDS CORP MTN CALL MAKE WHOLE Rate/Coupon: 4.7%  Matures: 12/09/2035,Corporate SecuritiesCorporate Bond,Self,"$250,001 - $500,000",Interest,"$15,001 - $50,000"
10.1.56,PHILLIPS 66 NOTE CALL MAKE WHOLERate/Coupon: 4.65%  Matures: 11/15/2034,Corporate SecuritiesCorporate Bond,Self,"$250,001 - $500,000",Interest,"$15,001 - $50,000"
10.1.57,ATHENE HOLDING LTD NOTE CALL MAKE WHOLERate/Coupon: 6.65%  Matures: 02/01/2033,Corporate SecuritiesCorporate Bond,Self,"$250,001 - $500,000",Interest,"$15,001 - $50,000"
10.1.58,PITTSBURGH & ALLEGHENY CNTY PA SPORTS & EXHIB AUTH REVRate/Coupon: 5%  Matures: 02/01/2031,Government SecuritiesMunicipal Security,Self,"$250,001 - $500,000",Interest,"$15,001 - $50,000"
10.1.59,OCCIDENTAL PETE CORP NOTE Rate/Coupon: 5.55%  Matures: 10/01/2034,Corporate SecuritiesCorporate Bond,Self,"$250,001 - $500,000",Interest,"$15,001 - $50,000"
10.1.60,ARES CAPITAL CORP NOTE Rate/Coupon: 5.8%  Matures: 03/08/2032,Corporate SecuritiesCorporate Bond,Self,"$250,001 - $500,000",Interest,"$15,001 - $50,000"
10.1.61,PHILADELPHIA PA GAS WKS REV BDSRate/Coupon: 5%  Matures: 08/01/2033,Government SecuritiesMunicipal Security,Self,"$100,001 - $250,000",Interest,"$5,001 - $15,000"
10.1.62,PENNSYLVANIA ST UNIV BDS SER. 2024 Rate/Coupon: 5%  Matures: 09/01/2044,Government SecuritiesMunicipal Security,Self,"$100,001 - $250,000",Interest,"$5,001 - $15,000"
10.1.63,ALLENTOWN PA SCH DIST GO BDS SER. 2024Rate/Coupon: 5%  Matures: 06/01/2043,Government SecuritiesMunicipal Security,Self,"$500,001 - $1,000,000",Interest,"$15,001 - $50,000"
10.1.64,ALLEGHENY CNTY PA GO BDS SER. C-80 Rate/Coupon: 5%  Matures: 12/01/2039,Government SecuritiesMunicipal Security,Self,"$500,001 - $1,000,000",Interest,"$15,001 - $50,000"
10.1.65,PITTSBURGH PA WTR & SWR AUTH WTR & SWR Rate/Coupon: 5%  Matures: 09/01/2044,Government SecuritiesMunicipal Security,Self,"$500,001 - $1,000,000",Interest,"$15,001 - $50,000"
10.1.66,KB HOME NOTERate/Coupon: 7.25%  Matures: 07/15/2030,Corporate SecuritiesCorporate Bond,Self,"$250,001 - $500,000",Interest,"$15,001 - $50,000"
10.1.67,GENERAL MILLS INC NOTERate/Coupon: 5.25%  Matures: 01/30/2035,Corporate SecuritiesCorporate Bond,Self,"$250,001 - $500,000",Interest,"$15,001 - $50,000"
10.1.68,PENNSYLVANIA ECONOMIC DEV FING  AUTH UPMC REV BDSRate/Coupon: 5%  Matures: 05/15/2038,Government SecuritiesMunicipal Security,Self,"$100,001 - $250,000",Interest,"$5,001 - $15,000"
10.1.69,PENNSYLVANIA ST TPK COMMN TPK REV Rate/Coupon: 5%  Matures: 06/01/2037,Government SecuritiesMunicipal Security,Self,"$100,001 - $250,000",Interest,"$5,001 - $15,000"
10.1.70,MERCER CNTY PA GO BDS SER. 2025 Rate/Coupon: 5%  Matures: 10/01/2037,Government SecuritiesMunicipal Security,Self,"$250,001 - $500,000",Interest,"$5,001 - $15,000"
10.1.71,FOX CHAPEL PA AREA SCH DIST GO BDS SER. 2017Rate/Coupon: 5%  Matures: 02/01/2042,Government SecuritiesMunicipal Security,Self,"$250,001 - $500,000",Interest,"$5,001 - $15,000"
10.1.72,PHILADELPHIA PA SCH DIST GORate/Coupon: 5%  Matures: 09/01/2044,Government SecuritiesMunicipal Security,Self,"$500,001 - $1,000,000",Interest,"$15,001 - $50,000"
10.1.73,PITTSBURGH PA GO BDS Rate/Coupon: 5%  Matures: 09/01/2042,Government SecuritiesMunicipal Security,Self,"$250,001 - $500,000",Interest,"$5,001 - $15,000"
10.1.74,EAST WHITELAND TWP PA GORate/Coupon: 5%  Matures: 12/01/2036,Government SecuritiesMunicipal Security,Self,"$250,001 - $500,000",Interest,"$5,001 - $15,000"
10.1.75,CENTRAL BUCKS PA SCH DIST GO Rate/Coupon: 5%  Matures: 05/15/2042,Government SecuritiesMunicipal Security,Self,"$100,001 - $250,000",Interest,"$5,001 - $15,000"
10.1.76,PENNSYLVANIA ST UNIV BDSRate/Coupon: 5%  Matures: 09/01/2047,Government SecuritiesMunicipal Security,Self,"$250,001 - $500,000",Interest,"$5,001 - $15,000"
10.1.77,PITTSBURGH PA GO Rate/Coupon: 5%  Matures: 09/01/2040,Government SecuritiesMunicipal Security,Self,"$250,001 - $500,000",Interest,"$5,001 - $15,000"
10.1.78,HATBORO HORSHAM PA SCH DIST GORate/Coupon: 5%  Matures: 09/15/2043,Government SecuritiesMunicipal Security,Self,"$250,001 - $500,000",Interest,"$5,001 - $15,000"
10.1.79,PHILADELPHIA PA AUTH FOR INDL DEV CITYRate/Coupon: 5%  Matures: 05/01/2036,Government SecuritiesMunicipal Security,Self,"$50,001 - $100,000",Interest,"$1,001 - $2,500"
10.1.80,TREDYFFRIN-EASTTOWN PA SCH DIST GO Rate/Coupon: 5%  Matures: 02/15/2043,Government SecuritiesMunicipal Security,Self,"$100,001 - $250,000",None,None (or less than $201)
10.1.81,CENTRAL BUCKS PA SCH DIST GORate/Coupon: 5%  Matures: 05/15/2045,Government SecuritiesMunicipal Security,Self,"$250,001 - $500,000",Interest,"$5,001 - $15,000"
10.1.82,HEMPFIELD PA AREA SCH DISTRate/Coupon: 5%  Matures: 03/15/2048,Government SecuritiesMunicipal Security,Self,"$250,001 - $500,000",None,None (or less than $201)
10.1.83,PENNSYLVANIA ST TPK COMMN TPK REVRate/Coupon: 5%  Matures: 12/01/2046,Government SecuritiesMunicipal Security,Self,"$250,001 - $500,000",None,None (or less than $201)
10.1.84,DELAWARE CNTY PA GORate/Coupon: 5%  Matures: 08/01/2045,Government SecuritiesMunicipal Security,Self,"$250,001 - $500,000",None,None (or less than $201)
10.1.85,EAGLE MTN & SAGINAW TEX INDPT SCH DIST UNLTD TAX SCH BLDG BDSRate/Coupon: 5%  Matures: 08/15/2026,Government SecuritiesMunicipal Security,Self,"$15,001 - $50,000",Interest,"$1,001 - $2,500"
10.2,Fixed Income No Longer Held,Brokerage/Managed Account,Self,--,,
10.2.1,HOWMET AEROSPACE INC NOTE Rate/Coupon: 5.9%  Matures: 02/01/2027Filer comment:  No longer held,Corporate SecuritiesCorporate Bond,Self,"None (or less than $1,001)","Interest, Capital Gains","$15,001 - $50,000"
10.2.2,ACADIAN ASSET MANAGEMENT F/K/A BRIGHTSPHERE INVT GROUP INC SER B NOTERate/Coupon: 4.8%  Matures: 07/27/2026Filer comment:  No longer held,Corporate SecuritiesCorporate Bond,Self,"None (or less than $1,001)","Interest, Capital Gains","$15,001 - $50,000"
10.2.3,PARAMOUNT GLOBAL NOTE Rate/Coupon: 4%  Matures: 01/15/2026Filer comment:  No longer held,Corporate SecuritiesCorporate Bond,Self,"None (or less than $1,001)",Interest,"$5,001 - $15,000"
10.2.4,DELTA AIR LINES INC NOTERate/Coupon: 4.375%  Matures: 04/19/2028Filer comment:  No longer held,Corporate SecuritiesCorporate Bond,Self,"None (or less than $1,001)",Interest,"$5,001 - $15,000"
10.2.5,HILTON WORLDWIDE FINANCE LLC SER B Rate/Coupon: 4.875%  Matures: 04/01/2027Filer comment:  No longer held,Corporate SecuritiesCorporate Bond,Self,"None (or less than $1,001)","Interest, Capital Gains","$5,001 - $15,000"
10.2.6,ORACLE CORP NOTE Rate/Coupon: 1.65%  Matures: 03/25/2026Filer comment:  No longer held,Corporate SecuritiesCorporate Bond,Self,"None (or less than $1,001)",Interest,"$2,501 - $5,000"
10.2.7,NORTHAMPTON CNTY PA GEN PURP AUTH HOSP REV BDS ST LUKES UNIVERSITY HEALTH NETWORK ST LUKESRate/Coupon: 5%  Matures: 8/15/2025Filer comment:  No longer held,Government SecuritiesMunicipal Security,Self,"None (or less than $1,001)",Interest,"$5,001 - $15,000"
10.2.8,CUMBERLAND CNTY PA MUN AUTH REV REV BDS DIAKON LUTHERAN SOCIAL MINISTRIES SER. 2015Rate/Coupon: 5%  Matures: 1/1/2038Filer comment:  Bond Redeemed,Government SecuritiesMunicipal Security,Self,"None (or less than $1,001)",Interest,"$5,001 - $15,000"
10.2.9,RUM - Rumble IncFiler comment:  No longer held,Corporate SecuritiesStock,Self,"None (or less than $1,001)","Interest, Capital Gains","$100,001 - $1,000,000"
10.2.10,EAST LYME CONN GO BDS SER. B 2021 Rate/Coupon: 5%  Matures: 08/01/2025Filer comment:  No longer held,Government SecuritiesMunicipal Security,Self,"None (or less than $1,001)",Interest,"$2,501 - $5,000"
10.2.11,CONNECTICUT ST GO BDS SER. FRate/Coupon: 4%  Matures: 11/15/2030Filer comment:  No longer held,Government SecuritiesMunicipal Security,Self,"None (or less than $1,001)",Interest,"$2,501 - $5,000"
10.2.12,CONNECTICUT ST HEALTH &EDL FA CSRate/Coupon: 4%  Matures: 07/01/2033Filer comment:  No longer held,Government SecuritiesMunicipal Security,Self,"None (or less than $1,001)",Interest,"$5,001 - $15,000"
10.2.13,PHILADELPHIA PA GO BDS SER. 2017 A Rate/Coupon: 5%  Matures: 08/01/2031Filer comment:  No longer held,Government SecuritiesMunicipal Security,Self,"None (or less than $1,001)",Interest,"$5,001 - $15,000"
10.3,Breckenridge Municipal Bond SMA Rate/Coupon: 5%  Matures: 01/01/25-06/01/2037Filer comment:  Municipal bond strategy managed by Breckenridge Capital Advisors,Government SecuritiesMunicipal Security,Self,"$1,000,001 - $5,000,000","Interest, Capital Gains","$100,001 - $1,000,000"
10.4,"Fidelity Money Market(Boston, MA)Type: Money Market Account",Bank Deposit,Self,"$100,001 - $250,000",Dividends,"$15,001 - $50,000"
11,"Citi Private Bank Account(New York, NY)Type: Checking",Bank Deposit,Self,"$15,001 - $50,000",Interest,None (or less than $201)
12,Direct Investments,Brokerage/Managed Account,Self,--,,
12.1,"Moonshots CapitalDescription: Private Equity (Austin, TX)",Investment FundPrivate Equity Fund,Self,"$100,001 - $250,000",None,None (or less than $201)
12.2,"ASW FundDescription: Mortgage Lending (Yarmouth, ME)",Investment FundPrivate Equity Fund,Self,"$1,000,001 - $5,000,000",Interest,"$100,001 - $1,000,000"
12.3,"TeleSoft-3 LPCompany: TeleSoft-3 LP (Aspen, CO) Description: Venture Fund",Business EntityLimited Partnership (LP),Self,--,,
12.3.1,"TeleSoft-3 LPDescription: Venture Fund (Aspen, CO)",Investment FundPrivate Equity Fund,Self,"$5,000,001 - $25,000,000",None,None (or less than $201)
12.4,"StrataVision (Deep North) Description: Analytics Company (Foster City, CA) Filer comment:  Deep North changed its name to StrataVision",Other,Self,"$1,001 - $15,000",None,None (or less than $201)
12.5,"Bitwise Asset ManagementCompany: Bitwise Asset Management (San Francisco, CA) Description: Asset Manager",Business EntityLimited Partnership (LP),Self,"$1,000,001 - $5,000,000",None,None (or less than $201)
12.6,"Elemental CognitionDescription: Research and Technology (New York, NY)",Other,Self,"$1,001 - $15,000",None,None (or less than $201)
12.7,"Bedrock Learning/WOTR Inc.Description: Learning Software (Washington, DC)",Other,Self,"$1,000,001 - $5,000,000",None,None (or less than $201)
12.8,"Big Buck LLC Company: Big Buck LLC (Danville, PA) Description: Tree Harvesting",Business EntityLimited Liability Company (LLC),Self,"$100,001 - $250,000",None,None (or less than $201)
12.9,"CD-EmersonDescription: Commercial (Englewood, CO) Filer comment:  Multi-Family Development in Englewood Colorado",Real EstateCommercial,Self,"$1,000,001 - $5,000,000",None,None (or less than $201)
12.10,"SmithEllis Inc.Company: SmithEllisItems, Inc. (Delaware, DE) Description: Private Company Filer comment:  Publishing Firm",Corporate SecuritiesNon-Public Stock,Self,"$15,001 - $50,000",None,"$15,001 - $50,000"
12.11,"Performance SystemsDescription: Staffing Firm (Fredericksburg, VA)",Other,Self,"$250,001 - $500,000",None,None (or less than $201)
12.12,"IllumioDescription: Data Company (Sunnyvale, CA)",Other,Self,"$250,001 - $500,000",None,None (or less than $201)
12.13,"Rise of the Rest Seed Fund IIDescription: Private Equity (Reston, VA)",Investment FundPrivate Equity Fund,Self,"$250,001 - $500,000",None,None (or less than $201)
12.14,"Confluence Investment Real EstateDescription: Confluence Development (Englewood, CO) Filer comment:  Multi-Family Development in Englewood Colorado",Real EstateCommercial,Self,"$1,000,001 - $5,000,000",None,None (or less than $201)
12.15,"Oridian Capital Partners SPV I, L.P.Description: Private Equity (Washington, DC)",Investment FundPrivate Equity Fund,Self,"$1,000,001 - $5,000,000",None,None (or less than $201)
13,Merrill Private Wealth Management Account,Brokerage/Managed Account,Self,--,,
13.1,"BLACKSTONE REAL ESTATE INCOME TRUST INCDescription: REIT (San Francisco, CA)",Real EstateREIT,Self,"$1,000,001 - $5,000,000","Dividends, Interest","$50,001 - $100,000"
13.2,"MACKAY MUNICIPAL OPPORTUNITIES ALLOCATION FUND BDescription: Municipal Bond Fund (New York, NY)",Investment FundPrivate Equity Fund,Self,"$1,000,001 - $5,000,000","Interest, Capital Gains","$15,001 - $50,000"
13.3,"Merrill Lynch(New York, NY)Type: Money Market Account",Bank Deposit,Self,"$15,001 - $50,000",Interest,"$201 - $1,000"
14,"ALL AMERICAN PA LLC Company: ALL AMERICAN PA LLC (Pittsburgh, PA) Description: Principal Residence",Business EntityLimited Liability Company (LLC),Self,--,,
14.1,"Principal ResidenceDescription: Principal Residence (Pittsburgh, PA)",Real EstateResidential,Self,"$1,000,001 - $5,000,000",None,None (or less than $201)
15,"DDM Rental Property II LLCCompany: DDM Rental Property II LLC (Wilmington, DE) Description: Rental & Investment Property",Business EntityLimited Liability Company (LLC),Self,--,,
15.1,Rental & Investment PropertyDescription: Rental & Investment Property,Personal PropertyOther Property,Self,"$1,000,001 - $5,000,000",Rent/Royalties,"$15,001 - $50,000"
16,"Frosty Valley 3 LLC Company: Frosty Valley 3 LLC (Dallas, TX) Description: Dallas Rental & Investment Property",Business EntityLimited Liability Company (LLC),Self,--,,
16.1,"Dallas Rental & Investment PropertyDescription: Dallas Rental & Investment Property (Dallas, TX)",Real EstateResidential,Self,"None (or less than $1,001)",Rent/Royalties,"$50,001 - $100,000"
17,"DMDM, LLCCompany: DMDM, LLC (CO, CO) Description: Ranch Investment Property",Business EntityLimited Liability Company (LLC),Joint,--,,
17.1,"Colorado Ranch Investment PropertyDescription: Colorado Ranch Investment Property (Colorado, CO)",Real EstateResidential,Joint,"$25,000,001 - $50,000,000",None,None (or less than $201)
18,"Frosty Valley Farms LLCCompany: Frosty Valley Farms LLC (PA, PA) Description: Working Farm/Residence/Rental",Business EntityLimited Liability Company (LLC),Self,--,,
18.1,"CCFN Muncy Columbia Financial CorpFiler comment:  Bloomsburg, PA",Corporate SecuritiesStock,Self,"$500,001 - $1,000,000",Dividends,"$15,001 - $50,000"
18.2,"Working Farm/Residence/RentalDescription: Working Farm/Residence/Rental (Danville, PA)",Real EstateResidential,Self,"$1,000,001 - $5,000,000",Rent/Royalties,"$50,001 - $100,000"
19,"FV BUS LLC Company: Coach Bus (Pittsburgh, PA) Description: Prevost",Business EntityLimited Liability Company (LLC),Self,--,,
19.1,Coach BusDescription: Prevost,Personal PropertyOther Property,Self,"None (or less than $1,001)",Rent/Royalties,"$50,001 - $100,000"
20,"DC ResidenceDescription: Residential Property (Washington, DC)",Real EstateResidential,Spouse,"$5,000,001 - $25,000,000",None,None (or less than $201)
