1,"Congressional Federal Credit Union(Washington, DC)Type: Certificate of Deposit, Savings",Bank Deposit,Joint,"$100,001 - $250,000",Interest,"$201 - $1,000"
2,"Municipal Credit Union(New York, NY)Type: Checking, Savings",Bank Deposit,Spouse,"$1,001 - $15,000",None,None (or less than $201)
3,"Teachers Retirement System Deferred CompensationCompany: Craig James Financial Servies, LLC (Melville, NY) Description: deferred compensation",Deferred Compensation,Spouse,"$100,001 - $250,000",Excepted Investment Fund,None (or less than $201)
4,New York State Voluntary Defined Contribution Program,"Retirement Plans401(k), 403(b), or other Defined Contribution Plan.",Spouse,--,,
4.1,TIAA TraditionalProvider: TIAA-CREF,AnnuityFixed,Spouse,"$100,001 - $250,000",Excepted Investment Fund,None (or less than $201)
4.2,TI Acc Ddg&Cox Intl St T1,Mutual FundsMutual Fund,Spouse,"$50,001 - $100,000",Excepted Investment Fund,None (or less than $201)
4.3,TI Acc Vang SmCpVa lx T1,Mutual FundsMutual Fund,Spouse,"$15,001 - $50,000",Excepted Investment Fund,None (or less than $201)
4.4,CREF Inf-Linked Bond R3,Mutual FundsMutual Fund,Spouse,"$15,001 - $50,000",Excepted Investment Fund,None (or less than $201)
4.5,QCMMIX - CREF Money Market Account - R3,Mutual FundsMutual Fund,Spouse,"$1,001 - $15,000",Excepted Investment Fund,None (or less than $201)
4.6,TI Acc Vang Wellington T1,Mutual FundsMutual Fund,Spouse,"$15,001 - $50,000",Excepted Investment Fund,None (or less than $201)
4.7,QCGRIX - CREF Growth Account - R3,Mutual FundsMutual Fund,Spouse,"$15,001 - $50,000",Excepted Investment Fund,None (or less than $201)
4.8,QREARX - TIAA Real Estate Account,Mutual FundsMutual Fund,Spouse,"$15,001 - $50,000",Excepted Investment Fund,None (or less than $201)
4.9,TI Acc Nuv Lg Cap Vl lx T1,Mutual FundsMutual Fund,Spouse,"$15,001 - $50,000",Excepted Investment Fund,None (or less than $201)
4.10,QCBMIX - CREF Bond Market Account - R3,Mutual FundsMutual Fund,Spouse,"$50,001 - $100,000",Excepted Investment Fund,None (or less than $201)
4.11,TI Acc Vang Ext Mkt lx T1,Mutual FundsMutual Fund,Spouse,"$15,001 - $50,000",Excepted Investment Fund,None (or less than $201)
4.12,TI Acc Vang Inst lx T1,Mutual FundsMutual Fund,Spouse,"$1,001 - $15,000",Excepted Investment Fund,None (or less than $201)
4.13,TI Acc Vang Treas MMkt T1,Mutual FundsMutual Fund,Spouse,"$1,001 - $15,000",Excepted Investment Fund,None (or less than $201)
4.14,TI Acc Americ EurPc Gr T1 - SUNY Targeted Allocation Retirement Series-Lifecycle 2020,Mutual FundsMutual Fund,Spouse,"$15,001 - $50,000",Excepted Investment Fund,None (or less than $201)
4.15,TI Acc Vang Inst lx Pl T1 - SUNY Targeted Allocation Retirement Series-Lifecycle 2020,Mutual FundsMutual Fund,Spouse,"$15,001 - $50,000",Excepted Investment Fund,None (or less than $201)
4.16,TI Acc Vang TtlntBd lx T1 - SUNY Targeted Allocation Retirement Series-Lifecycle 2020,Mutual FundsMutual Fund,Spouse,"$15,001 - $50,000",Excepted Investment Fund,None (or less than $201)
5,Pensco Trust Company IRA,Retirement PlansIRA,Self,--,,
5.1,"Pensco Trust Company(San Francisco, CA)Type: IRA Cash Accounts",Bank Deposit,Self,"$1,001 - $15,000",None,None (or less than $201)
6,Pensco Trust Company IRA,Retirement PlansIRA,Spouse,--,,
6.1,"Pensco Trust Company(San Francisco, CA)Type: IRA Cash Accounts",Bank Deposit,Spouse,"$1,001 - $15,000",None,None (or less than $201)
7,City University of New York Tax Deferred Annuity Plan,"Retirement Plans401(k), 403(b), or other Defined Contribution Plan.",Spouse,--,,
7.1,TIAA TraditionalProvider: TIAA-CREF,AnnuityFixed,Spouse,"$15,001 - $50,000",Excepted Investment Fund,None (or less than $201)
7.2,TI Acc Nuv Lg Cp Vl lx T1,Mutual FundsMutual Fund,Spouse,"$1,001 - $15,000",Excepted Investment Fund,None (or less than $201)
7.3,TI Acc Nuv Sm Cp Bl lx T1,Mutual FundsMutual Fund,Spouse,"$1,001 - $15,000",Excepted Investment Fund,None (or less than $201)
7.4,TI Acc Americ WaMu Inv T1,Mutual FundsMutual Fund,Spouse,"$1,001 - $15,000",Excepted Investment Fund,None (or less than $201)
7.5,TI Acc Americ EuroPac Gr T1,Mutual FundsMutual Fund,Spouse,"$1,001 - $15,000",Excepted Investment Fund,None (or less than $201)
7.6,QREARX - TIAA Real Estate Account,Mutual FundsMutual Fund,Spouse,"$1,001 - $15,000",Excepted Investment Fund,None (or less than $201)
7.7,QCBMIX - CREF Bond Market Account - R3,Mutual FundsMutual Fund,Spouse,"$1,001 - $15,000",Excepted Investment Fund,None (or less than $201)
7.8,CREF Inf-Linked Bond R3,Mutual FundsMutual Fund,Spouse,"$1,001 - $15,000",Excepted Investment Fund,None (or less than $201)
7.9,TI Acc WstAst Cr Pl Bd T1,Mutual FundsMutual Fund,Spouse,"$1,001 - $15,000",Excepted Investment Fund,None (or less than $201)
7.10,CREF Responsible Balanced R3Filer comment:  Fund renamed. Previously reported as QCSCIX-CREF Social Choice Acct,Mutual FundsMutual Fund,Spouse,"$1,001 - $15,000",Excepted Investment Fund,None (or less than $201)
8,New York Public Library TDA Plan,"Retirement Plans401(k), 403(b), or other Defined Contribution Plan.",Spouse,--,,
8.1,TIAA TraditionalProvider: TIAA-CREF,AnnuityFixed,Spouse,"$100,001 - $250,000",Excepted Investment Fund,None (or less than $201)
8.2,QCGRPX-CREF Growth Account - R2,Mutual FundsMutual Fund,Spouse,"$50,001 - $100,000",Excepted Investment Fund,None (or less than $201)
8.3,Nuveen Intl Eq-Rtmt,Mutual FundsMutual Fund,Spouse,"$15,001 - $50,000",Excepted Investment Fund,None (or less than $201)
8.4,Nuveen Lg-Cap Val-Rtmt,Mutual FundsMutual Fund,Spouse,"$50,001 - $100,000",Excepted Investment Fund,None (or less than $201)
8.5,Nuveen Mid Cap Val Rtmt,Mutual FundsMutual Fund,Spouse,"$50,001 - $100,000",Excepted Investment Fund,None (or less than $201)
8.6,Nuveen Lg-Cap Val Idx-Rtmt,Mutual FundsMutual Fund,Spouse,"$15,001 - $50,000",Excepted Investment Fund,None (or less than $201)
8.7,Nuv Qnt Sm-Cap Eq-Rtmt,Mutual FundsMutual Fund,Spouse,"$50,001 - $100,000",Excepted Investment Fund,None (or less than $201)
8.8,Nuveen Em Mrkts Eq Rtmt,Mutual FundsMutual Fund,Spouse,"$15,001 - $50,000",Excepted Investment Fund,None (or less than $201)
8.9,QREARX - TIAA Real Estate Account,Mutual FundsMutual Fund,Spouse,"$50,001 - $100,000",Excepted Investment Fund,None (or less than $201)
8.10,Nuveen High-Yield-Rtmt,Mutual FundsMutual Fund,Spouse,"$50,001 - $100,000",Excepted Investment Fund,None (or less than $201)
8.11,Nuveen Short-Term Bond-Rtmt,Mutual FundsMutual Fund,Spouse,"$15,001 - $50,000",Excepted Investment Fund,None (or less than $201)
8.12,Nuveen Infl Link Bd Rtmt,Mutual FundsMutual Fund,Spouse,"$50,001 - $100,000",Excepted Investment Fund,None (or less than $201)
8.13,Nuveen Core Bond Rtmt,Mutual FundsMutual Fund,Spouse,"$50,001 - $100,000",Excepted Investment Fund,None (or less than $201)
8.14,Nuveen Core Imp Bond Rtmt,Mutual FundsMutual Fund,Spouse,"$15,001 - $50,000",Excepted Investment Fund,None (or less than $201)
9,"Citibank(New York, NY)Type: Certificate of Deposit, Savings",Bank Deposit,Joint,"$15,001 - $50,000",None,None (or less than $201)
10,"NEH 3 LLCCompany: NEH 3 LLC (Brooklyn, NY) Description: Writer Filer comment:  Entity established to receive income from book pursuant to agreement listed on Part 9, line 2.",Business EntityLimited Liability Company (LLC),Spouse,"$100,001 - $250,000",Other (Ordinary Business Income),"Other $100,001.00"
11,"NEH 3 LLCCompany: NEH 3 LLC (Brooklyn, NY) Description: Writer Filer comment:  Entity established to receive income from book pursuant to agreement listed on Part 9, line 2.",Business EntityLimited Liability Company (LLC),Self,"$100,001 - $250,000",Other (Ordinary Business Income),"Other $100,001.00"
12,"TIAA Brokerage DGVMM - Dreyfus Govt Cash Mgmt Investor Shs(Charlotte, NC)Type: Money Market Account",Bank Deposit,Joint,"$250,001 - $500,000",Interest,"$201 - $1,000"
