1,Morgan Stanley SEP IRA,Retirement PlansIRA,Spouse,--,,
1.1,JCAPX - Janus Forty I (NASDAQ),Mutual FundsMutual Fund,Spouse,"$100,001 - $250,000",Excepted Investment Fund,None (or less than $201)
1.2,JBALX - Janus Balanced I (NASDAQ),Mutual FundsMutual Fund,Spouse,"$15,001 - $50,000",Excepted Investment Fund,None (or less than $201)
1.3,XLF - Financial Select Sector SPDR ETF (NYSEArca),Mutual FundsExchange Traded Fund/Note,Spouse,"$15,001 - $50,000",Excepted Investment Fund,None (or less than $201)
1.4,GOOGL - Alphabet Inc.,Corporate SecuritiesStock,Spouse,"$100,001 - $250,000",None,None (or less than $201)
1.5,"TJX - The TJX Companies, Inc.",Corporate SecuritiesStock,Spouse,"$15,001 - $50,000",None,None (or less than $201)
1.6,XLV - Health Care Select Sector SPDR ETF (NYSEArca),Mutual FundsExchange Traded Fund/Note,Spouse,"$15,001 - $50,000",Excepted Investment Fund,None (or less than $201)
1.7,SAPYX - ClearBridge Appreciation I (NASDAQ),Mutual FundsMutual Fund,Spouse,"$15,001 - $50,000",Excepted Investment Fund,None (or less than $201)
1.8,AMGN - Amgen Inc.,Corporate SecuritiesStock,Spouse,"$15,001 - $50,000",None,None (or less than $201)
1.9,"NFLX - Netflix, Inc.",Corporate SecuritiesStock,Spouse,"$100,001 - $250,000",None,None (or less than $201)
1.10,"MORGAN STANLEY(NEWPORT, RI)Type: Brokerage Sweep Account",Bank Deposit,Spouse,"$15,001 - $50,000",None,None (or less than $201)
1.11,"AMZN-Amazon.com, Inc.",Corporate SecuritiesStock,Spouse,"$100,001 - $250,000",None,None (or less than $201)
1.12,"GS-The Goldman Sachs Group, Inc.",Corporate SecuritiesStock,Spouse,"$15,001 - $50,000",None,None (or less than $201)
1.13,JPM-JPMorgan Chase & Co.,Corporate SecuritiesStock,Spouse,"$50,001 - $100,000",None,None (or less than $201)
1.14,VETAX-Victory Sycamore Established Value A,Mutual FundsMutual Fund,Spouse,"$15,001 - $50,000",Excepted Investment Fund,None (or less than $201)
1.15,IEMG - iShares Core MSCI Emerging Markets ETF,Mutual FundsExchange Traded Fund/Note,Spouse,"$15,001 - $50,000",Excepted Investment Fund,None (or less than $201)
1.16,NVDA - NVIDIA Corporation - Common Stock,Corporate SecuritiesStock,Spouse,"$500,001 - $1,000,000",None,None (or less than $201)
1.17,AMBFX-American Funds American Balanced F2,Mutual FundsMutual Fund,Spouse,"$15,001 - $50,000",Excepted Investment Fund,None (or less than $201)
1.18,WMT - Walmart Inc.,Corporate SecuritiesStock,Spouse,"$15,001 - $50,000",None,None (or less than $201)
1.19,"DAL - Delta Air Lines, Inc.",Corporate SecuritiesStock,Spouse,"$1,001 - $15,000",None,None (or less than $201)
1.20,LRCX - Lam Research Corporation,Corporate SecuritiesStock,Spouse,"$100,001 - $250,000",None,None (or less than $201)
1.21,IAU - iShares Gold Trust,Mutual FundsExchange Traded Fund/Note,Spouse,"$15,001 - $50,000",Excepted Investment Fund,None (or less than $201)
1.22,IHI - iShares U.S. Medical Devices ETF,Mutual FundsExchange Traded Fund/Note,Spouse,"$15,001 - $50,000",Excepted Investment Fund,None (or less than $201)
1.23,AMEFX - American Funds The Income Fund of America Class F-,Mutual FundsMutual Fund,Spouse,"$15,001 - $50,000",Excepted Investment Fund,None (or less than $201)
1.24,NFFFX - American Funds New World Fund Class F-2,Mutual FundsMutual Fund,Spouse,"$1,001 - $15,000",Excepted Investment Fund,None (or less than $201)
1.25,LMGNX - ClearBridge International Growth Fund Class I,Mutual FundsMutual Fund,Spouse,"$15,001 - $50,000",Excepted Investment Fund,None (or less than $201)
1.26,"CSDIX - Cohen & Steers Real Estate Securities Fund, Inc. C",Mutual FundsMutual Fund,Spouse,"$1,001 - $15,000",Excepted Investment Fund,None (or less than $201)
1.27,JMGRX - Janus Henderson Enterprise Fund Class I,Mutual FundsMutual Fund,Spouse,"$15,001 - $50,000",Excepted Investment Fund,None (or less than $201)
1.28,NWKDX - Nationwide Geneva Small Cap Growth Fund Institutio,Mutual FundsMutual Fund,Spouse,"None (or less than $1,001)",Excepted Investment Fund,None (or less than $201)
1.29,PGR - The Progressive Corporation,Corporate SecuritiesStock,Spouse,"None (or less than $1,001)",None,None (or less than $201)
1.30,AMRFX - American Mutual Fund Class F-2 Shares,Mutual FundsMutual Fund,Spouse,"$15,001 - $50,000",Excepted Investment Fund,None (or less than $201)
1.31,GSFTX - Columbia Dividend Income Fund Class I,Mutual FundsMutual Fund,Spouse,"$15,001 - $50,000",Excepted Investment Fund,None (or less than $201)
1.32,VGT - Vanguard Information Tech ETF,Mutual FundsExchange Traded Fund/Note,Spouse,"$50,001 - $100,000",Excepted Investment Fund,None (or less than $201)
1.33,CIBR - First Trust Nasdaq Cybersecurity ETF,Mutual FundsExchange Traded Fund/Note,Spouse,"$15,001 - $50,000",Excepted Investment Fund,None (or less than $201)
1.34,PAVE - Global X U.S. Infrastructure Development ETF,Mutual FundsExchange Traded Fund/Note,Spouse,"$15,001 - $50,000",Excepted Investment Fund,None (or less than $201)
1.35,VBR - Vanguard Small-Cap Value ETF,Mutual FundsExchange Traded Fund/Note,Spouse,"$15,001 - $50,000",Excepted Investment Fund,None (or less than $201)
1.36,DGRW - WisdomTree U.S. Quality Dividend Growth Fund,Mutual FundsExchange Traded Fund/Note,Spouse,"$15,001 - $50,000",Excepted Investment Fund,None (or less than $201)
1.37,"QQQ - Invesco QQQ Trust, Series 1",Mutual FundsExchange Traded Fund/Note,Spouse,"$15,001 - $50,000",Excepted Investment Fund,None (or less than $201)
1.38,NZAC - SPDR MSCI ACWI Climate Paris Aligned ETF,Mutual FundsExchange Traded Fund/Note,Spouse,"$15,001 - $50,000",Excepted Investment Fund,None (or less than $201)
1.39,SMH - VanEck Semiconductor ETF,Mutual FundsExchange Traded Fund/Note,Spouse,"$15,001 - $50,000",Excepted Investment Fund,None (or less than $201)
1.40,VIG - Vanguard Div Appreciation ETF,Mutual FundsExchange Traded Fund/Note,Spouse,"$1,001 - $15,000",Excepted Investment Fund,None (or less than $201)
1.41,VBK - Vanguard Small-Cap Growth ETF,Mutual FundsExchange Traded Fund/Note,Spouse,"$15,001 - $50,000",Excepted Investment Fund,None (or less than $201)
1.42,LLY - Eli Lilly and Company,Corporate SecuritiesStock,Spouse,"$15,001 - $50,000",None,None (or less than $201)
1.43,IUGXX - Invesco Premier US Government Money Portfolio IN,Mutual FundsMutual Fund,Spouse,"$100,001 - $250,000",Excepted Investment Fund,None (or less than $201)
1.44,HFQIX - Janus Henderson Global Equity Income Fund - I Sh,Mutual FundsMutual Fund,Spouse,"$15,001 - $50,000",Excepted Investment Fund,None (or less than $201)
1.45,SPTS - SPDR Short-Term Treasury Portfolio ETF,Mutual FundsExchange Traded Fund/Note,Spouse,"$15,001 - $50,000",Excepted Investment Fund,None (or less than $201)
1.46,VFH - Vanguard Financials ETF,Mutual FundsExchange Traded Fund/Note,Spouse,"$1,001 - $15,000",Excepted Investment Fund,None (or less than $201)
1.47,VWO - Vanguard FTSE Emerging Markets ETF,Mutual FundsExchange Traded Fund/Note,Spouse,"$1,001 - $15,000",Excepted Investment Fund,None (or less than $201)
1.48,JEPI - Jpmorgan Equity Premium Income ETF,Mutual FundsExchange Traded Fund/Note,Spouse,"$15,001 - $50,000",Excepted Investment Fund,None (or less than $201)
1.49,GRID - First Trust NASDAQ Clean Edge Smart Grid Infrastru,Mutual FundsExchange Traded Fund/Note,Spouse,"$15,001 - $50,000",Excepted Investment Fund,None (or less than $201)
1.50,BOND - PIMCO Active Bond Exchange-Traded Fund Exchange-Tr,Mutual FundsExchange Traded Fund/Note,Spouse,"$15,001 - $50,000",Excepted Investment Fund,None (or less than $201)
1.51,FTHSX - Fullerthaler Behavioral Small-Cap Equity Fund In,Mutual FundsMutual Fund,Spouse,"$15,001 - $50,000",Excepted Investment Fund,None (or less than $201)
1.52,SPHQ - Invesco S&P 500 Quality ETF,Mutual FundsExchange Traded Fund/Note,Spouse,"$15,001 - $50,000",Excepted Investment Fund,None (or less than $201)
1.53,HILIX - The Hartford International Value Fund - Class I,Mutual FundsExchange Traded Fund/Note,Spouse,"$15,001 - $50,000",Excepted Investment Fund,None (or less than $201)
1.54,SCIEX - Hartford Schroders International Stock Fund - Class I,Mutual FundsExchange Traded Fund/Note,Spouse,"$15,001 - $50,000",Excepted Investment Fund,None (or less than $201)
1.55,FTXSX - FullerThaler Behavioral Small-Cap Growth Fund - Institutional Shares,Mutual FundsMutual Fund,Spouse,"$15,001 - $50,000",None,None (or less than $201)
2,Morgan Stanley- IRA,Retirement PlansIRA,Spouse,--,,
2.1,BRK-B - Berkshire Hathaway Inc.,Corporate SecuritiesStock,Spouse,"$15,001 - $50,000",None,None (or less than $201)
2.2,VDC - Vanguard Consumer Staples ETF,Mutual FundsExchange Traded Fund/Note,Spouse,"$15,001 - $50,000",Excepted Investment Fund,None (or less than $201)
2.3,VGT - Vanguard Information Technology ETF,Mutual FundsExchange Traded Fund/Note,Spouse,"$15,001 - $50,000",Excepted Investment Fund,None (or less than $201)
2.4,XLI - Industrial Select Sector SPDR ETF,Mutual FundsExchange Traded Fund/Note,Spouse,"$1,001 - $15,000",Excepted Investment Fund,None (or less than $201)
2.5,IEMG - iShares Core MSCI Emerging Markets ETF,Mutual FundsExchange Traded Fund/Note,Spouse,"$1,001 - $15,000",Excepted Investment Fund,None (or less than $201)
2.6,"Morgan Stanley Private Bank(Newport, RI)Type: Brokerage Sweep Account",Bank Deposit,Spouse,"$1,001 - $15,000",None,None (or less than $201)
2.7,NOBL - ProShares S&P 500 Dividend Aristocrats ETF,Mutual FundsExchange Traded Fund/Note,Spouse,"None (or less than $1,001)",Excepted Investment Fund,None (or less than $201)
2.8,CEYIX - Calvert Equity Fund Class I,Mutual FundsMutual Fund,Spouse,"$15,001 - $50,000",Excepted Investment Fund,None (or less than $201)
2.9,LMGNX - ClearBridge International Growth Fund Class I,Mutual FundsMutual Fund,Spouse,"$15,001 - $50,000",Excepted Investment Fund,None (or less than $201)
2.10,GSFTX - Columbia Dividend Income Fund Class I,Mutual FundsMutual Fund,Spouse,"$15,001 - $50,000",Excepted Investment Fund,None (or less than $201)
2.11,IAU - ishares Gold Trust,Mutual FundsExchange Traded Fund/Note,Spouse,"$15,001 - $50,000",Excepted Investment Fund,None (or less than $201)
2.12,CIBR - First Trust Nasdaq Cybersecurity ETF,Mutual FundsExchange Traded Fund/Note,Spouse,"$15,001 - $50,000",Excepted Investment Fund,None (or less than $201)
2.13,XLV - S&P 500 Healthcare Sector SPDR,Mutual FundsExchange Traded Fund/Note,Spouse,"$15,001 - $50,000",Excepted Investment Fund,None (or less than $201)
2.14,XLF - S&P 500 Financials Sector SPDR,Mutual FundsExchange Traded Fund/Note,Spouse,"$15,001 - $50,000",Excepted Investment Fund,None (or less than $201)
2.15,VWO - Vanguard FTSE Emerging Markets ETF,Mutual FundsExchange Traded Fund/Note,Spouse,"$1,001 - $15,000",Excepted Investment Fund,None (or less than $201)
2.16,VYM - Vanguard High Dividend Yield ETF,Mutual FundsExchange Traded Fund/Note,Spouse,"$15,001 - $50,000",Excepted Investment Fund,None (or less than $201)
2.17,NFFFX - New World Fund Inc. Class F-2 Shs,Mutual FundsMutual Fund,Spouse,"$1,001 - $15,000",Excepted Investment Fund,None (or less than $201)
2.18,IUGXX INVESCO PREM US GOVT MNY INST,Mutual FundsMutual Fund,Spouse,"$15,001 - $50,000",Excepted Investment Fund,None (or less than $201)
2.19,HYG- ISHARES IBOXX HY COR,Mutual FundsExchange Traded Fund/Note,Spouse,"None (or less than $1,001)",Excepted Investment Fund,None (or less than $201)
2.20,PONPX- PIMCO INCOME 12,Mutual FundsMutual Fund,Spouse,"$15,001 - $50,000",Excepted Investment Fund,None (or less than $201)
2.21,VIG- VANGUARD DIVIDEND APPRECI,Mutual FundsExchange Traded Fund/Note,Spouse,"$15,001 - $50,000",Excepted Investment Fund,None (or less than $201)
2.22,GRID - Nasdaq Smart Grid Infrastructure ETF,Mutual FundsExchange Traded Fund/Note,Spouse,"$1,001 - $15,000",Excepted Investment Fund,None (or less than $201)
2.23,JEPQ - JPM Nasdaq Equity Premium Income ETF,Mutual FundsExchange Traded Fund/Note,Spouse,"$15,001 - $50,000",Excepted Investment Fund,None (or less than $201)
2.24,SPHQ - Invesco S&P 500 Quality ETF,Mutual FundsExchange Traded Fund/Note,Spouse,"$1,001 - $15,000",Excepted Investment Fund,None (or less than $201)
2.25,APDFX - Artisan High Income Fund - Advisor Shares,Mutual FundsMutual Fund,Spouse,"$1,001 - $15,000",Excepted Investment Fund,None (or less than $201)
3,Morgan Stanley-IRA,Retirement PlansIRA,Self,--,,
3.1,Goldman Sachs Abslt Ret Trck I (GJRTX),Mutual FundsMutual Fund,Self,"$15,001 - $50,000",Excepted Investment Fund,None (or less than $201)
3.2,JP Morgan Dynamic Small Cap Gr Sel (JDSCX),Mutual FundsMutual Fund,Self,"$15,001 - $50,000",Excepted Investment Fund,None (or less than $201)
3.3,XLK - Technology Select Sector SPDR ETF,Mutual FundsExchange Traded Fund/Note,Self,"$15,001 - $50,000",Excepted Investment Fund,None (or less than $201)
3.4,QQQ - Invesco QQQ Trust,Mutual FundsExchange Traded Fund/Note,Self,"$50,001 - $100,000",Excepted Investment Fund,None (or less than $201)
3.5,VDC-Vanguard Consumer Staples ETF,Mutual FundsExchange Traded Fund/Note,Self,"$15,001 - $50,000",Excepted Investment Fund,None (or less than $201)
3.6,BRK-B - Berkshire Hathaway Inc.,Corporate SecuritiesStock,Self,"$15,001 - $50,000",None,None (or less than $201)
3.7,XLF - Financial Select Sector SPDR® ETF,Mutual FundsExchange Traded Fund/Note,Self,"$15,001 - $50,000",Excepted Investment Fund,None (or less than $201)
3.8,IEMG - iShares Core MSCI Emerging Markets ETF,Mutual FundsExchange Traded Fund/Note,Self,"$15,001 - $50,000",Excepted Investment Fund,None (or less than $201)
3.9,WMFFX-American Funds Washington Mutual F2,Mutual FundsMutual Fund,Self,"$15,001 - $50,000",Excepted Investment Fund,None (or less than $201)
3.10,SBLYX - ClearBridge Large Cap Growth I,Mutual FundsMutual Fund,Self,"$15,001 - $50,000",Excepted Investment Fund,None (or less than $201)
3.11,JMGRX - Janus Henderson Enterprise I,Mutual FundsMutual Fund,Self,"$15,001 - $50,000",Excepted Investment Fund,None (or less than $201)
3.12,NFFFX - American Funds New World F2,Mutual FundsMutual Fund,Self,"$15,001 - $50,000",Excepted Investment Fund,None (or less than $201)
3.13,VEVIX - Victory Sycamore Established Value I,Mutual FundsMutual Fund,Self,"$15,001 - $50,000",Excepted Investment Fund,None (or less than $201)
3.14,AMEFX - American Funds The Income Fund of America Class F-,Mutual FundsMutual Fund,Self,"$15,001 - $50,000",Excepted Investment Fund,None (or less than $201)
3.15,CGW - Invesco S&P Global Water Index ETF,Mutual FundsExchange Traded Fund/Note,Self,"$1,001 - $15,000",Excepted Investment Fund,None (or less than $201)
3.16,"Morgan Stanley(Newport, RI)Type: Brokerage Sweep Account",Bank Deposit,Self,"$1,001 - $15,000",None,None (or less than $201)
3.17,IAU - iShares Gold Trust,Mutual FundsExchange Traded Fund/Note,Self,"$15,001 - $50,000",Excepted Investment Fund,None (or less than $201)
3.18,NOBL - ProShares S&P 500 Dividend Aristocrats ETF,Mutual FundsExchange Traded Fund/Note,Self,"None (or less than $1,001)",Excepted Investment Fund,None (or less than $201)
3.19,LMGNX - ClearBridge International Growth Fund Class I,Mutual FundsMutual Fund,Self,"$15,001 - $50,000",Excepted Investment Fund,None (or less than $201)
3.20,GSFTX - Columbia Dividend Income Fund Institutional Class,Mutual FundsMutual Fund,Self,"$15,001 - $50,000",Excepted Investment Fund,None (or less than $201)
3.21,PRBLX - Parnassus Core Equity Fund - Investor Shares,Mutual FundsMutual Fund,Self,"$15,001 - $50,000",Excepted Investment Fund,None (or less than $201)
3.22,XLI - SPDR Select Sector Fund - Industrial,Mutual FundsExchange Traded Fund/Note,Self,"$15,001 - $50,000",Excepted Investment Fund,None (or less than $201)
3.23,COWZ - Pacer US Cash Cows 100 ETF,Mutual FundsExchange Traded Fund/Note,Self,"$15,001 - $50,000",Excepted Investment Fund,None (or less than $201)
3.24,XLRE - Real Estate Select Sector SPDR Fund (The),Mutual FundsExchange Traded Fund/Note,Self,"$15,001 - $50,000",Excepted Investment Fund,None (or less than $201)
3.25,IUGXX - Invesco Premier US Government Money Portfolio IN,Mutual FundsMutual Fund,Self,"$50,001 - $100,000",Excepted Investment Fund,None (or less than $201)
3.26,US TREASURY NOTERate/Coupon: None  Matures: None,Government SecuritiesUS Treasury/Agency Security,Self,"None (or less than $1,001)",None,None (or less than $201)
3.27,US TREASURY NOTERate/Coupon: None  Matures: None,Government SecuritiesUS Treasury/Agency Security,Self,"$15,001 - $50,000",None,None (or less than $201)
3.28,JEPI- JP MORGAN EQUITY PREMIUM,Mutual FundsExchange Traded Fund/Note,Self,"$15,001 - $50,000",Excepted Investment Fund,None (or less than $201)
3.29,HFQIX- JAMES HENDERSON GLB,Mutual FundsMutual Fund,Self,"$15,001 - $50,000",Excepted Investment Fund,None (or less than $201)
3.30,PONPX-PIMCO INCOME 12,Mutual FundsMutual Fund,Self,"$15,001 - $50,000",Excepted Investment Fund,None (or less than $201)
3.31,KO - Coca-Cola Company,Corporate SecuritiesStock,Self,"$1,001 - $15,000",None,None (or less than $201)
3.32,GRID - Nasdaq Smart Grid Infrastructure ETF,Mutual FundsExchange Traded Fund/Note,Self,"$1,001 - $15,000",Excepted Investment Fund,None (or less than $201)
3.33,PFD - Flaherty & Crumrine Preferred Inc,Mutual FundsExchange Traded Fund/Note,Self,"$15,001 - $50,000",Excepted Investment Fund,None (or less than $201)
3.34,CIBR - Nasdaq Cybersecurity ETF,Mutual FundsExchange Traded Fund/Note,Self,"$15,001 - $50,000",Excepted Investment Fund,None (or less than $201)
3.35,PAVE - Global X U.S. Infrastructure Development ETF,Mutual FundsExchange Traded Fund/Note,Self,"$1,001 - $15,000",Excepted Investment Fund,None (or less than $201)
3.36,XLV - SPDR Select Sector Fund - Health Care,Mutual FundsExchange Traded Fund/Note,Self,"$15,001 - $50,000",Excepted Investment Fund,None (or less than $201)
3.37,FTHSX - Fullerthaler Behavioral Small-Cap Equity Fund In,Mutual FundsMutual Fund,Self,"$15,001 - $50,000",Excepted Investment Fund,None (or less than $201)
3.38,SPHQ - Invesco S&P 500 Quality ETF,Mutual FundsExchange Traded Fund/Note,Self,"$15,001 - $50,000",Excepted Investment Fund,None (or less than $201)
3.39,FEZ - SPDR(R) EURO STOXX 50(R) ETF,Mutual FundsExchange Traded Fund/Note,Self,"$15,001 - $50,000",Excepted Investment Fund,None (or less than $201)
3.40,DGRW - WisdomTree U.S. Quality Dividend Growth Fund,Mutual FundsExchange Traded Fund/Note,Self,"$15,001 - $50,000",Excepted Investment Fund,None (or less than $201)
4,Morgan Stanley- Sheldon Whitehouse Family Trust,Brokerage/Managed Account,Self,--,,
4.1,AMZN-Amazon.com Inc. (NASDAQ),Corporate SecuritiesStock,Self,"$500,001 - $1,000,000",None,None (or less than $201)
4.2,AXP-American Express Company (NYSE),Corporate SecuritiesStock,Self,"$100,001 - $250,000",Dividends,"$1,001 - $2,500"
4.3,CVS - CVS Caremark Corporation (NYSE),Corporate SecuritiesStock,Self,"$50,001 - $100,000",Dividends,"$1,001 - $2,500"
4.4,DHR - Danaher Corp. (NYSE),Corporate SecuritiesStock,Self,"$100,001 - $250,000",Dividends,"$201 - $1,000"
4.5,GOOGL - Alphabet Inc.,Corporate SecuritiesStock,Self,"$500,001 - $1,000,000",Dividends,"$1,001 - $2,500"
4.6,HON - Honeywell International Inc. (NYSE),Corporate SecuritiesStock,Self,"$50,001 - $100,000",Dividends,"$1,001 - $2,500"
4.7,MCHP - Microchip Technology Inc. (NASDAQ),Corporate SecuritiesStock,Self,"$50,001 - $100,000",Dividends,"$1,001 - $2,500"
4.8,MSFT-Microsoft Corporation (NASDAQ),Corporate SecuritiesStock,Self,"$500,001 - $1,000,000",Dividends,"$5,001 - $15,000"
4.9,"NKE-Nike, Inc. (NYSE)",Corporate SecuritiesStock,Self,"$50,001 - $100,000",Dividends,"$1,001 - $2,500"
4.10,ORCL-Oracle Corporation (NYSE),Corporate SecuritiesStock,Self,"$100,001 - $250,000",Dividends,"$1,001 - $2,500"
4.11,"PEP - Pepsico, Inc. (NYSE)",Corporate SecuritiesStock,Self,"$50,001 - $100,000",Dividends,"$1,001 - $2,500"
4.12,PG - The Procter & Gamble Company (NYSE),Corporate SecuritiesStock,Self,"$50,001 - $100,000",Dividends,"$2,501 - $5,000"
4.13,UNP-Union Pacific Corporation (NYSE),Corporate SecuritiesStock,Self,"$50,001 - $100,000",Dividends,"$1,001 - $2,500"
4.14,RTX - RTX Corporation Common Stock,Corporate SecuritiesStock,Self,"$50,001 - $100,000",Dividends,"$1,001 - $2,500"
4.15,UNH-UnitedHealth Group Incorporated (NYSE),Corporate SecuritiesStock,Self,"$250,001 - $500,000",Dividends,"$1,001 - $2,500"
4.16,V-Visa Inc. (NYSE),Corporate SecuritiesStock,Self,"$250,001 - $500,000",Dividends,"$1,001 - $2,500"
4.17,JPM - JPMorgan Chase & Co.,Corporate SecuritiesStock,Self,"$100,001 - $250,000",Dividends,"$2,501 - $5,000"
4.18,LOW - Lowe's Companies Inc. (NYSE),Corporate SecuritiesStock,Self,"$50,001 - $100,000",Dividends,"$1,001 - $2,500"
4.19,"TMO-Thermo Fisher Scientific, Inc. (NYSE)",Corporate SecuritiesStock,Self,"$100,001 - $250,000",Dividends,"$201 - $1,000"
4.20,XLV - Health Care Select Sector SPDR® ETF,Mutual FundsExchange Traded Fund/Note,Self,"$15,001 - $50,000",Excepted Investment Fund,"$201 - $1,000"
4.21,AMGN-Amgen Inc. (NASDAQ),Corporate SecuritiesStock,Self,"$15,001 - $50,000",Dividends,"$1,001 - $2,500"
4.22,EL - The Estée Lauder Companies Inc. (NYSE),Corporate SecuritiesStock,Self,"None (or less than $1,001)",None,None (or less than $201)
4.23,"PANW-Palo Alto Networks, Inc. (NYSE)",Corporate SecuritiesStock,Self,"$100,001 - $250,000",None,None (or less than $201)
4.24,VZ - Verizon Communications Inc. (NYSE),Corporate SecuritiesStock,Self,"$15,001 - $50,000",Dividends,"$2,501 - $5,000"
4.25,META - Meta Platforms Inc,Corporate SecuritiesStock,Self,"$50,001 - $100,000",Dividends,"$201 - $1,000"
4.26,LRCX-Lam Research Corporation,Corporate SecuritiesStock,Self,"$250,001 - $500,000",Dividends,"$2,501 - $5,000"
4.27,"NFLX-Netflix, Inc.",Corporate SecuritiesStock,Self,"$250,001 - $500,000",None,None (or less than $201)
4.28,WMT-Wal-Mart Stores Inc.,Corporate SecuritiesStock,Self,"$100,001 - $250,000",Dividends,"$201 - $1,000"
4.29,ANWFX-American Funds New Perspective F2,Mutual FundsMutual Fund,Self,"$50,001 - $100,000",Excepted Investment Fund,"$201 - $1,000"
4.30,AAPL-Apple Inc.,Corporate SecuritiesStock,Self,"$1,000,001 - $5,000,000",Dividends,"$2,501 - $5,000"
4.31,BAC-Bank of America Corporation,Corporate SecuritiesStock,Self,"$100,001 - $250,000",Dividends,"$1,001 - $2,500"
4.32,"GS-The Goldman Sachs Group, Inc.",Corporate SecuritiesStock,Self,"$250,001 - $500,000",Dividends,"$5,001 - $15,000"
4.33,"HD-The Home Depot, Inc.",Corporate SecuritiesStock,Self,"$250,001 - $500,000",Dividends,"$5,001 - $15,000"
4.34,"CSCO - Cisco Systems, Inc.",Corporate SecuritiesStock,Self,"$50,001 - $100,000",Dividends,"$1,001 - $2,500"
4.35,FTV-Fortive Corporation,Corporate SecuritiesStock,Self,"$1,001 - $15,000",None,None (or less than $201)
4.36,NVDA-NVIDIA Corporation,Corporate SecuritiesStock,Self,"$1,000,001 - $5,000,000","Dividends, Capital Gains","$15,001 - $50,000"
4.37,SBUX-Starbucks Corporation,Corporate SecuritiesStock,Self,"$15,001 - $50,000","Dividends, Capital Gains","$5,001 - $15,000"
4.38,"ADI - Analog Devices, Inc.",Corporate SecuritiesStock,Self,"$50,001 - $100,000",Dividends,"$201 - $1,000"
4.39,BRK-B - Berkshire Hathaway Inc.,Corporate SecuritiesStock,Self,"$50,001 - $100,000",None,None (or less than $201)
4.40,IR - Ingersoll-Rand Plc,Corporate SecuritiesStock,Self,"$1,001 - $15,000",None,None (or less than $201)
4.41,SYK-Stryker Corporation,Corporate SecuritiesStock,Self,"$15,001 - $50,000",Dividends,"$201 - $1,000"
4.42,IHI - iShares US Medical Devices ETF,Mutual FundsExchange Traded Fund/Note,Self,"$15,001 - $50,000",Excepted Investment Fund,None (or less than $201)
4.43,KO - The Coca-Cola Company,Corporate SecuritiesStock,Self,"$15,001 - $50,000",Dividends,"$1,001 - $2,500"
4.44,"Morgan Stanley(Newport, RI)Type: Money Market Account",Bank Deposit,Self,"$15,001 - $50,000",Interest,None (or less than $201)
4.45,"DLR - Digital Realty Trust, Inc. Common Stock",Corporate SecuritiesStock,Self,"$15,001 - $50,000",Dividends,"$201 - $1,000"
4.46,CIBR - First Trust NASDAQ Cybersecurity ETF,Mutual FundsExchange Traded Fund/Note,Self,"$15,001 - $50,000",Excepted Investment Fund,None (or less than $201)
4.47,XLI - SPDR Select Sector Fund - Industrial,Mutual FundsExchange Traded Fund/Note,Self,"$50,001 - $100,000",Excepted Investment Fund,"$201 - $1,000"
4.48,VFH - Vanguard Financials ETF,Mutual FundsExchange Traded Fund/Note,Self,"$15,001 - $50,000",Excepted Investment Fund,"$201 - $1,000"
4.49,VYM - Vanguard High Dividend Yield ETF,Mutual FundsExchange Traded Fund/Note,Self,"$15,001 - $50,000",Excepted Investment Fund,"$201 - $1,000"
4.50,CAIFX - Capital Income Builder Cl F-2 Shs,Mutual FundsMutual Fund,Self,"$15,001 - $50,000",Excepted Investment Fund,"$201 - $1,000"
4.51,VNT - Vontier Corporation Common Stock,Corporate SecuritiesStock,Self,"$1,001 - $15,000",None,None (or less than $201)
4.52,SMH - VanEck Semiconductor ETF,Mutual FundsExchange Traded Fund/Note,Self,"None (or less than $1,001)",Excepted Investment Fund,"$5,001 - $15,000"
4.53,VDC - Vanguard Consumer Staples ETF,Mutual FundsExchange Traded Fund/Note,Self,"$15,001 - $50,000",Excepted Investment Fund,"$1,001 - $2,500"
4.54,VBR - Vanguard Small-Cap Value ETF,Mutual FundsExchange Traded Fund/Note,Self,"$15,001 - $50,000",Excepted Investment Fund,"$1,001 - $2,500"
4.55,DGRW - WisdomTree U.S. Quality Dividend Growth Fund,Mutual FundsExchange Traded Fund/Note,Self,"$15,001 - $50,000",Excepted Investment Fund,"$201 - $1,000"
4.56,ELV - Elevance Health Inc,Corporate SecuritiesStock,Self,"$50,001 - $100,000",Dividends,"$1,001 - $2,500"
4.57,COWZ - Pacer US Cash Cows 100 Index,Mutual FundsExchange Traded Fund/Note,Self,"None (or less than $1,001)",Excepted Investment Fund,None (or less than $201)
4.58,IUGXX - Invesco Premier US Government Money Portfolio IN,Mutual FundsMutual Fund,Self,"$50,001 - $100,000",Excepted Investment Fund,"$1,001 - $2,500"
4.59,CSVIX - Calvert Small Cap Fund Class I,Mutual FundsMutual Fund,Self,"$1,001 - $15,000",Excepted Investment Fund,None (or less than $201)
4.60,PARWX - Parnassus Endeavor Fund - Investor Shares,Mutual FundsMutual Fund,Self,"$15,001 - $50,000",Excepted Investment Fund,"$201 - $1,000"
4.61,LLY - Eli Lilly and Company,Corporate SecuritiesStock,Self,"$100,001 - $250,000",Dividends,"$201 - $1,000"
4.62,NVS - Novartis Ag ADR,Corporate SecuritiesStock,Self,"$15,001 - $50,000",Dividends,"$201 - $1,000"
4.63,SDZNY- Sandoz Group AG ADR,Corporate SecuritiesStock,Self,"$1,001 - $15,000",None,None (or less than $201)
4.64,JEPI - JPMorgan Equity Premium Income ETF,Mutual FundsExchange Traded Fund/Note,Self,"$15,001 - $50,000",Excepted Investment Fund,"$2,501 - $5,000"
4.65,HYG - iShares iBoxx $ High Yield Corporate Bond ETF,Mutual FundsExchange Traded Fund/Note,Self,"None (or less than $1,001)",Excepted Investment Fund,"$1,001 - $2,500"
4.66,VOO - Vanguard S&P 500 ETF,Mutual FundsExchange Traded Fund/Note,Self,"$50,001 - $100,000",Excepted Investment Fund,"$201 - $1,000"
4.67,VBK - Vanguard Small-Cap Growth ETF,Mutual FundsExchange Traded Fund/Note,Self,"$50,001 - $100,000",Excepted Investment Fund,"$201 - $1,000"
4.68,GQGIX - Gqg Partners Emerging Markets Equity Fund Instit,Mutual FundsMutual Fund,Self,"None (or less than $1,001)",Excepted Investment Fund,"$1,001 - $2,500"
4.69,CCI - Crown Castle Inc,Corporate SecuritiesStock,Self,"$1,001 - $15,000",Dividends,"$201 - $1,000"
4.70,GRID - First Trust NASDAQ Clean Edge Smart Grid Infrastru,Mutual FundsExchange Traded Fund/Note,Self,"None (or less than $1,001)",Excepted Investment Fund,None (or less than $201)
4.71,SOLS - Solstice Advanced Materials Inc. - Common Stock,Corporate SecuritiesStock,Self,"$1,001 - $15,000",None,None (or less than $201)
4.72,RAL - Ralliant Corporation Common Stock,Corporate SecuritiesStock,Self,"$1,001 - $15,000",Dividends,None (or less than $201)
4.73,"GH - Guardant Health, Inc. - Common Stock",Corporate SecuritiesStock,Self,"$1,001 - $15,000",None,None (or less than $201)
4.74,HSY - The Hershey Company Common Stock,Corporate SecuritiesStock,Self,"$1,001 - $15,000",Dividends,"$201 - $1,000"
4.75,GLD - SPDR Gold Shares,Mutual FundsExchange Traded Fund/Note,Self,"$50,001 - $100,000",None,None (or less than $201)
5,Morgan Stanley [1],Brokerage/Managed Account,Joint,--,,
5.1,"Morgan Stanley(Newport, RI)Type: Money Market Account",Bank Deposit,Joint,"$50,001 - $100,000",None,None (or less than $201)
6,Helen Chase Rand Residual Trust,TrustGeneral Trust,Self,--,,
6.1,TROIX - T. Rowe Price Overseas Stock I,Mutual FundsMutual Fund,Self,"None (or less than $1,001)",Excepted Investment Fund,"$1,001 - $2,500"
6.2,"Wells Fargo Market Deposit AC(New York, NY)Type: Money Market Account",Bank Deposit,Self,"$15,001 - $50,000",Interest,"$201 - $1,000"
6.3,FGBMX - Fidelity Advisor New Markets Income Fund Class Z,Mutual FundsMutual Fund,Self,"$1,001 - $15,000",Excepted Investment Fund,"$201 - $1,000"
6.4,ITOT - iShares Core S&P Total U.S. Stock Market ETF,Mutual FundsExchange Traded Fund/Note,Self,"$50,001 - $100,000",Excepted Investment Fund,"$201 - $1,000"
6.5,VO - Vanguard Mid-Cap ETF,Mutual FundsExchange Traded Fund/Note,Self,"$1,001 - $15,000",Excepted Investment Fund,None (or less than $201)
6.6,DODGX - Dodge & Cox Stock Fund,Mutual FundsMutual Fund,Self,"$1,001 - $15,000",Excepted Investment Fund,None (or less than $201)
6.7,PCRIX - Pimco Commodityrealreturn Strategy Fund Institut,Mutual FundsExchange Traded Fund/Note,Self,"$1,001 - $15,000",Excepted Investment Fund,"$201 - $1,000"
6.8,TGEPX - Tcw Emerging Markets Income Fund Plan Share,Mutual FundsMutual Fund,Self,"$1,001 - $15,000",Excepted Investment Fund,"$201 - $1,000"
6.9,GSLC - Goldman Sachs ActiveBeta U.S. Large Cap Equity ETF,Mutual FundsMutual Fund,Self,"$15,001 - $50,000",Excepted Investment Fund,"$201 - $1,000"
6.10,TMPRX - Touchstone Mid Cap Fund Class R6,Mutual FundsMutual Fund,Self,"$1,001 - $15,000",Excepted Investment Fund,None (or less than $201)
6.11,JCBUX - Jpmorgan Core Bond Fund R6,Mutual FundsMutual Fund,Self,"None (or less than $1,001)",Excepted Investment Fund,"$1,001 - $2,500"
6.12,GSIYX - Goldman Sachs Gqg Partners International Opportu,Mutual FundsMutual Fund,Self,"$1,001 - $15,000",Excepted Investment Fund,None (or less than $201)
6.13,PMAQX - Principal Funds Inc. - Midcap Fund Class R6,Mutual FundsMutual Fund,Self,"$1,001 - $15,000",Excepted Investment Fund,None (or less than $201)
6.14,LCGJX - William Blair Large Cap Growth Fund Class R6,Mutual FundsMutual Fund,Self,"$1,001 - $15,000",Excepted Investment Fund,None (or less than $201)
6.15,XLE - S&P 500 Energy Sector SPDR,Mutual FundsMutual Fund,Self,"$1,001 - $15,000",Excepted Investment Fund,None (or less than $201)
6.16,ECSQX - Embark Commodity Strategy Fund Retirement Class,Mutual FundsMutual Fund,Self,"$1,001 - $15,000",Excepted Investment Fund,"$1,001 - $2,500"
6.17,ESCQX - Embark Small Cap Equity Fund Retirement Class,Mutual FundsMutual Fund,Self,"$1,001 - $15,000",Excepted Investment Fund,None (or less than $201)
6.18,IEFA - iShares Core MSCI EAFE ETF,Mutual FundsMutual Fund,Self,"$15,001 - $50,000",Excepted Investment Fund,"$201 - $1,000"
6.19,BAGIX - Baird Aggregate Bond Fund - Institutional,Mutual FundsMutual Fund,Self,"$15,001 - $50,000",Excepted Investment Fund,"$1,001 - $2,500"
6.20,MHYSX - NYLI MacKay High Yield Corporate Bond Fund - Class R6,Mutual FundsMutual Fund,Self,"$1,001 - $15,000",Excepted Investment Fund,"$201 - $1,000"
6.21,PHYQX - PGIM HIGH YIELD FUND - Class R6,Mutual FundsMutual Fund,Self,"$1,001 - $15,000",Excepted Investment Fund,"$201 - $1,000"
6.22,PTTRX - PIMCO Total Return Fund - Institutional,Mutual FundsMutual Fund,Self,"$15,001 - $50,000",Excepted Investment Fund,"$1,001 - $2,500"
7,Rita D Sellar GST Exempt Trust,TrustExcepted,Spouse,Unascertainable,"Dividends, Capital Gains","$2,501 - $5,000"
8,H Yale TW Dolan Trust,TrustExcepted,Spouse,Unascertainable,"Dividends, Interest, Capital Gains, Other (Portfolio income)","$5,001 - $15,000Other $0.00"
9,Sarah B TD Dolan Trust,TrustExcepted,Spouse,Unascertainable,Dividends,"$1,001 - $2,500"
10,Thomas Dolan Trust,TrustExcepted,Spouse,Unascertainable,"Dividends, Interest, Capital Gains, Other (Portfolio income)","$100,001 - $1,000,000Other $1,001.00"
11,"Bank of America(Newport, RI)Type: Checking",Bank Deposit,Spouse,"$1,001 - $15,000",Interest,None (or less than $201)
12,Morgan Stanley- Sheldon Whitehouse Tr- 2004,Brokerage/Managed Account,Self,--,,
12.1,"Morgan Stanley(Newport, RI)Type: Money Market Account",Bank Deposit,Self,"$1,001 - $15,000",Interest,None (or less than $201)
12.2,GOOGL - Alphabet Inc. - Class A Common Stock,Corporate SecuritiesStock,Self,"$50,001 - $100,000",None,None (or less than $201)
12.3,"AMZN - Amazon.com, Inc. - Common Stock",Corporate SecuritiesStock,Self,"$15,001 - $50,000",None,None (or less than $201)
12.4,AMGN - Amgen Inc. - Common Stock,Corporate SecuritiesStock,Self,"None (or less than $1,001)","Dividends, Capital Gains","$5,001 - $15,000"
12.5,"ADI - Analog Devices, Inc. - Common Stock",Corporate SecuritiesStock,Self,"None (or less than $1,001)","Dividends, Capital Gains","$15,001 - $50,000"
12.6,AAPL - Apple Inc. - Common Stock,Corporate SecuritiesStock,Self,"$250,001 - $500,000","Dividends, Capital Gains","$50,001 - $100,000"
12.7,BAC - Bank of America Corporation Common Stock,Corporate SecuritiesStock,Self,"$15,001 - $50,000",Dividends,"$201 - $1,000"
12.8,KO - Coca-Cola Company (The) Common Stock,Corporate SecuritiesStock,Self,"$15,001 - $50,000",Dividends,"$201 - $1,000"
12.9,DHR - Danaher Corporation Common Stock,Corporate SecuritiesStock,Self,"None (or less than $1,001)","Dividends, Capital Gains","$5,001 - $15,000"
12.10,"HD - Home Depot, Inc. (The) Common Stock",Corporate SecuritiesStock,Self,"$15,001 - $50,000",Dividends,"$201 - $1,000"
12.11,HON - Honeywell International Inc. - Common Stock,Corporate SecuritiesStock,Self,"None (or less than $1,001)","Dividends, Capital Gains","$15,001 - $50,000"
12.12,JPM - JP Morgan Chase & Co. Common Stock,Corporate SecuritiesStock,Self,"$50,001 - $100,000",Dividends,"$1,001 - $2,500"
12.13,LMT - Lockheed Martin Corporation Common Stock,Corporate SecuritiesStock,Self,"$15,001 - $50,000",Dividends,"$201 - $1,000"
12.14,MA - Mastercard Incorporated Common Stock,Corporate SecuritiesStock,Self,"$15,001 - $50,000",Dividends,None (or less than $201)
12.15,MSFT - Microsoft Corporation - Common Stock,Corporate SecuritiesStock,Self,"$100,001 - $250,000","Dividends, Capital Gains","$5,001 - $15,000"
12.16,NVDA - NVIDIA Corporation - Common Stock,Corporate SecuritiesStock,Self,"$250,001 - $500,000","Dividends, Capital Gains","$15,001 - $50,000"
12.17,"PEP - PepsiCo, Inc. - Common Stock",Corporate SecuritiesStock,Self,"$15,001 - $50,000",Dividends,"$201 - $1,000"
12.18,PG - Procter & Gamble Company (The) Common Stock,Corporate SecuritiesStock,Self,"$15,001 - $50,000",Dividends,"$201 - $1,000"
12.19,RTX - RTX Corporation Common Stock,Corporate SecuritiesStock,Self,"$50,001 - $100,000",Dividends,"$1,001 - $2,500"
12.20,SBUX - Starbucks Corporation - Common Stock,Corporate SecuritiesStock,Self,"$1,001 - $15,000","Dividends, Capital Gains","$2,501 - $5,000"
12.21,UNH - UnitedHealth Group Incorporated Common Stock (DE),Corporate SecuritiesStock,Self,"None (or less than $1,001)","Dividends, Capital Gains","$15,001 - $50,000"
12.22,VZ - Verizon Communications Inc. Common Stock,Corporate SecuritiesStock,Self,"None (or less than $1,001)","Dividends, Capital Gains","$2,501 - $5,000"
12.23,V - Visa Inc.,Corporate SecuritiesStock,Self,"$50,001 - $100,000",Dividends,"$201 - $1,000"
12.24,WMT - Walmart Inc. Common Stock,Corporate SecuritiesStock,Self,"$15,001 - $50,000",Dividends,"$201 - $1,000"
12.25,XLV - SPDR Select Sector Fund - Health Care,Mutual FundsExchange Traded Fund/Note,Self,"None (or less than $1,001)",Excepted Investment Fund,"$2,501 - $5,000"
12.26,XLI - SPDR Select Sector Fund - Industrial,Mutual FundsExchange Traded Fund/Note,Self,"None (or less than $1,001)",Excepted Investment Fund,"$2,501 - $5,000"
12.27,"QQQ - Invesco QQQ Trust, Series 1",Mutual FundsExchange Traded Fund/Note,Self,"$15,001 - $50,000",Excepted Investment Fund,None (or less than $201)
12.28,VFH - Vanguard Financials ETF,Mutual FundsExchange Traded Fund/Note,Self,"None (or less than $1,001)",Excepted Investment Fund,"$5,001 - $15,000"
12.29,VYM - Vanguard High Dividend Yield ETF,Mutual FundsExchange Traded Fund/Note,Self,"$15,001 - $50,000",Excepted Investment Fund,"$201 - $1,000"
12.30,JEPI - Jpmorgan Equity Premium Income ETF,Mutual FundsExchange Traded Fund/Note,Self,"$15,001 - $50,000",Excepted Investment Fund,"$1,001 - $2,500"
12.31,VOO - Vanguard S&P 500 ETF,Mutual FundsExchange Traded Fund/Note,Self,"$15,001 - $50,000",Excepted Investment Fund,None (or less than $201)
12.32,RI INFRASTRUCTURE BK SAFE DRINKINRate/Coupon: 3.0%  Matures: 10/01/2032,Government SecuritiesMunicipal Security,Self,"None (or less than $1,001)",None,None (or less than $201)
13,Morgan Stanley-Sandra Whitehouse Tr-2004,Brokerage/Managed Account,Spouse,--,,
13.1,"Morgan Stanley(Newport, RI)Type: Money Market Account",Bank Deposit,Spouse,"$1,001 - $15,000",None,None (or less than $201)
13.2,GOOGL - Alphabet Inc. - Class A Common Stock,Corporate SecuritiesStock,Spouse,"$50,001 - $100,000",None,None (or less than $201)
13.3,"AMZN - Amazon.com, Inc. - Common Stock",Corporate SecuritiesStock,Spouse,"$15,001 - $50,000",None,None (or less than $201)
13.4,AMGN - Amgen Inc. - Common Stock,Corporate SecuritiesStock,Spouse,"$15,001 - $50,000",Dividends,"$201 - $1,000"
13.5,"ADI - Analog Devices, Inc. - Common Stock",Corporate SecuritiesStock,Spouse,"$15,001 - $50,000",Dividends,"$201 - $1,000"
13.6,AAPL - Apple Inc. - Common Stock,Corporate SecuritiesStock,Spouse,"$250,001 - $500,000",Dividends,"$1,001 - $2,500"
13.7,BAC - Bank of America Corporation Common Stock,Corporate SecuritiesStock,Spouse,"$15,001 - $50,000",Dividends,"$201 - $1,000"
13.8,KO - Coca-Cola Company (The) Common Stock,Corporate SecuritiesStock,Spouse,"$15,001 - $50,000",Dividends,"$201 - $1,000"
13.9,"HD - Home Depot, Inc. (The) Common Stock",Corporate SecuritiesStock,Spouse,"$15,001 - $50,000",Dividends,"$201 - $1,000"
13.10,HON - Honeywell International Inc. - Common Stock,Corporate SecuritiesStock,Spouse,"None (or less than $1,001)","Dividends, Capital Gains","$15,001 - $50,000"
13.11,JPM - JP Morgan Chase & Co. Common Stock,Corporate SecuritiesStock,Spouse,"$50,001 - $100,000",Dividends,"$1,001 - $2,500"
13.12,LRCX - Lam Research Corporation - Common Stock,Corporate SecuritiesStock,Spouse,"$50,001 - $100,000",Dividends,"$201 - $1,000"
13.13,LMT - Lockheed Martin Corporation Common Stock,Corporate SecuritiesStock,Spouse,"$15,001 - $50,000",Dividends,"$201 - $1,000"
13.14,MA - Mastercard Incorporated Common Stock,Corporate SecuritiesStock,Spouse,"$15,001 - $50,000",Dividends,"$201 - $1,000"
13.15,MCD - McDonald's Corporation Common Stock,Corporate SecuritiesStock,Spouse,"$15,001 - $50,000",Dividends,"$201 - $1,000"
13.16,MSFT - Microsoft Corporation - Common Stock,Corporate SecuritiesStock,Spouse,"$100,001 - $250,000",Dividends,"$1,001 - $2,500"
13.17,NVDA - NVIDIA Corporation - Common Stock,Corporate SecuritiesStock,Spouse,"$250,001 - $500,000","Dividends, Capital Gains","$50,001 - $100,000"
13.18,"PEP - PepsiCo, Inc. - Common Stock",Corporate SecuritiesStock,Spouse,"$15,001 - $50,000",Dividends,"$201 - $1,000"
13.19,PG - Procter & Gamble Company (The) Common Stock,Corporate SecuritiesStock,Spouse,"$15,001 - $50,000",Dividends,"$201 - $1,000"
13.20,SBUX - Starbucks Corporation - Common Stock,Corporate SecuritiesStock,Spouse,"$1,001 - $15,000","Dividends, Capital Gains","$2,501 - $5,000"
13.21,UNH - UnitedHealth Group Incorporated Common Stock (DE),Corporate SecuritiesStock,Spouse,"None (or less than $1,001)","Dividends, Capital Gains","$15,001 - $50,000"
13.22,VZ - Verizon Communications Inc. Common Stock,Corporate SecuritiesStock,Spouse,"$1,001 - $15,000",Dividends,"$201 - $1,000"
13.23,V - Visa Inc.,Corporate SecuritiesStock,Spouse,"$50,001 - $100,000",Dividends,"$201 - $1,000"
13.24,WMT - Walmart Inc. Common Stock,Corporate SecuritiesStock,Spouse,"$15,001 - $50,000",Dividends,"$201 - $1,000"
13.25,XLV - SPDR Select Sector Fund - Health Care,Mutual FundsExchange Traded Fund/Note,Spouse,"$15,001 - $50,000",Excepted Investment Fund,"$201 - $1,000"
13.26,"QQQ - Invesco QQQ Trust, Series 1",Mutual FundsExchange Traded Fund/Note,Spouse,"$15,001 - $50,000",Excepted Investment Fund,None (or less than $201)
13.27,VIG - Vanguard Div Appreciation ETF,Mutual FundsExchange Traded Fund/Note,Spouse,"$15,001 - $50,000",Excepted Investment Fund,"$201 - $1,000"
13.28,VBK - Vanguard Small-Cap Growth ETF,Mutual FundsExchange Traded Fund/Note,Spouse,"$1,001 - $15,000",Excepted Investment Fund,None (or less than $201)
13.29,KVUE - Kenvue Inc. Common Stock,Corporate SecuritiesStock,Spouse,"None (or less than $1,001)",Capital Gains,"$201 - $1,000"
14,VCSP/COLLEGEAMERICA SANDRA WHITEHOUSE fbo V KLAZMERInstitution: MORGAN STANLEY,Education Savings Plans529 College Savings Plan,Spouse,--,,
14.1,CGPAX - American Funds Growth Portfolio Class 529-A,Mutual FundsMutual Fund,Spouse,"$15,001 - $50,000",Excepted Investment Fund,None (or less than $201)
15,VCSP/COLLEGEAMERICA SANDRA WHITEHOUSE fbo G KLAZMERInstitution: MORGAN STANLEY,Education Savings Plans529 College Savings Plan,Spouse,--,,
15.1,CGPAX - American Funds Growth Portfolio Class 529-A,Mutual FundsMutual Fund,Spouse,"$15,001 - $50,000",Excepted Investment Fund,None (or less than $201)
16,"Bank of America(Newport, RI)Type: Checking",Bank Deposit,Spouse,"$50,001 - $100,000",Interest,None (or less than $201)
