last_name,first_name,state,filing_year
Adams,Alma S.,NC,2025
Aderholt,Robert B.,AL,2025
Aguilar,Pete,CA,2025
Alford,Mark,MO,2025
Allen,Rick W.,GA,2025
Alsobrooks,Angela D.,MD,2026
Amo,Gabe,RI,2025
Amodei,Mark E.,NV,2025
Ansari,Yassamin,AZ,2025
Arrington,Jodey C.,TX,2025
Auchincloss,Jake,MA,2025
Babin,Brian,TX,2025
Bacon,Don,NE,2025
Baird,James R.,IN,2025
Balderson,Troy,OH,2025
Baldwin,Tammy,WI,2026
Balint,Becca,VT,2025
Banks,Jim,IN,2026
Barr,Andy,KY,2025
Barragan,Nanette Diaz,CA,2025
Barrasso,John,WY,2026
Barrett,Tom,MI,2025
Baumgartner,Michael,WA,2025
Bean,Aaron,FL,2025
Beatty,Joyce,OH,2025
Begich,Nicholas J.,AK,2025
Bell,Wesley,MO,2025
Bennet,Michael F.,CO,2026
Bentz,Cliff,OR,2025
Bera,Ami,CA,2025
Bergman,Jack,MI,2025
Beyer,Donald S.,VA,2025
Bice,Stephanie I.,OK,2025
Biggs,Andy,AZ,2025
Biggs,Sheri,SC,2025
Bilirakis,Gus M.,FL,2025
Bishop,Sanford D.,GA,2025
Blackburn,Marsha,TN,2026
Blumenthal,Richard,CT,2026
Blunt Rochester,Lisa,DE,2026
Bonamici,Suzanne,OR,2025
Booker,Cory A.,NJ,2026
Boozman,John,AR,2026
Bost,Mike,IL,2025
Boyle,Brendan F.,PA,2025
Brecheen,Josh,OK,2025
Bresnahan,Robert P.,PA,2025
Britt,Katie Boyd,AL,2026
Brown,Shontel M.,OH,2025
Brownley,Julia,CA,2025
Buchanan,Vern,FL,2025
Budd,Ted,NC,2026
Budzinski,Nikki,IL,2025
Burchett,Tim,TN,2025
Burlison,Eric,MO,2025
Bynum,Janelle S.,OR,2025
Calvert,Ken,CA,2025
Cammack,Kat,FL,2025
Cantwell,Maria,WA,2026
Capito,Shelley Moore,WV,2026
Carbajal,Salud O.,CA,2025
Carey,Mike,OH,2025
Carson,André,IN,2025
Carter,"Earl L. ""Buddy""",GA,2025
Carter,John R.,TX,2025
Carter,Troy A.,LA,2025
Casar,Greg,TX,2025
Case,Ed,HI,2025
Cassidy,Bill,LA,2026
Casten,Sean,IL,2025
Castor,Kathy,FL,2025
Castro,Joaquin,TX,2025
Chu,Judy,CA,2025
Ciscomani,Juan,AZ,2025
Cisneros,Gilbert Ray,CA,2025
Clark,Katherine M.,MA,2025
Clarke,Yvette D.,NY,2025
Cleaver,Emanuel,MO,2025
Cline,Ben,VA,2025
Cloud,Michael,TX,2025
Clyburn,James E.,SC,2025
Clyde,Andrew S.,GA,2025
Cohen,Steve,TN,2025
Cole,Tom,OK,2025
Collins,Mike,GA,2025
Collins,Susan M.,ME,2026
Comer,James,KY,2025
Conaway,Herbert C.,NJ,2025
Coons,Christopher A.,DE,2026
Cornyn,John,TX,2026
Correa,J. Luis,CA,2025
Cortez Masto,Catherine,NV,2026
Costa,Jim,CA,2025
Cotton,Tom,AR,2026
Courtney,Joe,CT,2025
Craig,Angie,MN,2025
Cramer,Kevin,ND,2026
Crane,Elijah,AZ,2025
Crank,Jeff,CO,2025
Crapo,Mike,ID,2026
Crawford,"Eric A. ""Rick""",AR,2025
Crockett,Jasmine,TX,2025
Crow,Jason,CO,2025
Cruz,Ted,TX,2026
Cuellar,Henry,TX,2025
Curtis,John R.,UT,2026
Daines,Steve,MT,2026
Davids,Sharice,KS,2025
Davidson,Warren,OH,2025
Davis,Danny K.,IL,2025
Davis,Donald G.,NC,2025
De La Cruz,Monica,TX,2025
DeGette,Diana,CO,2025
DeLauro,Rosa L.,CT,2025
DeSaulnier,Mark,CA,2025
Dean,Madeleine,PA,2025
DelBene,Suzan K.,WA,2025
Deluzio,Christopher R.,PA,2025
DesJarlais,Scott,TN,2025
Dexter,Maxine,OR,2025
Diaz-Balart,Mario,FL,2025
Dingell,Debbie,MI,2025
Doggett,Lloyd,TX,2025
Donalds,Byron,FL,2025
Downing,Troy,MT,2025
Dunn,Neal P.,FL,2025
Durbin,Richard J.,IL,2026
Edwards,Chuck,NC,2025
Elfreth,Sarah,MD,2025
Ellzey,Jake,TX,2025
Emmer,Tom,MN,2025
Ernst,Joni,IA,2026
Escobar,Veronica,TX,2025
Espaillat,Adriano,NY,2025
Estes,Ron,KS,2025
Evans,Dwight,PA,2025
Evans,Gabe,CO,2025
Ezell,Mike,MS,2025
Fallon,Pat,TX,2025
Fedorchak,Julie,ND,2025
Feenstra,Randy,IA,2025
Fetterman,John,PA,2026
Fields,Cleo,LA,2025
Figures,Shomari,AL,2025
Fine,Randy,FL,2025
Finstad,Brad,MN,2025
Fischbach,Michelle,MN,2025
Fischer,Deb,NE,2026
Fitzgerald,Scott,WI,2025
Fitzpatrick,Brian K.,PA,2025
Fleischmann,"Charles J. ""Chuck""",TN,2025
Fletcher,Lizzie,TX,2025
Flood,Mike,NE,2025
Fong,Vince,CA,2025
Foster,Bill,IL,2025
Foushee,Valerie P.,NC,2025
Foxx,Virginia,NC,2025
Frankel,Lois,FL,2025
Franklin,Scott,FL,2025
Friedman,Laura,CA,2025
Frost,Maxwell,FL,2025
Fry,Russell,SC,2025
Fulcher,Russ,ID,2025
Fuller,Clay,GA,2026
Gallego,Ruben,AZ,2026
Garamendi,John,CA,2025
Garbarino,Andrew R.,NY,2025
Garcia,Robert,CA,2025
Garcia,Sylvia R.,TX,2025
Garcia,"Jesús G. ""Chuy""",IL,2025
Gill,Brandon,TX,2025
Gillen,Laura,NY,2025
Gillibrand,Kirsten E.,NY,2026
Gimenez,Carlos A.,FL,2025
Golden,Jared F.,ME,2025
Goldman,Craig A.,TX,2025
Goldman,Daniel S.,NY,2025
Gomez,Jimmy,CA,2025
Gonzalez,Vicente,TX,2025
Gooden,Lance,TX,2025
Goodlander,Maggie,NH,2025
Gosar,Paul A.,AZ,2025
Gottheimer,Josh,NJ,2025
Grassley,Chuck,IA,2026
Graves,Sam,MO,2025
Gray,Adam,CA,2025
Green,Al,TX,2025
Griffith,H. Morgan,VA,2025
Grijalva,Adelita S.,AZ,2025
Grothman,Glenn,WI,2025
Guest,Michael,MS,2025
Guthrie,Brett,KY,2025
Hageman,Harriet M.,WY,2025
Hagerty,Bill,TN,2026
Hamadeh,Abraham J.,AZ,2025
Harder,Josh,CA,2025
Haridopolos,Mike,FL,2025
Harrigan,Pat,NC,2025
Harris,Andy,MD,2025
Harris,Mark,NC,2025
Harshbarger,Diana,TN,2025
Hassan,Margaret Wood,NH,2026
Hawley,Josh,MO,2026
Hayes,Jahana,CT,2025
Heinrich,Martin,NM,2026
Hern,Kevin,OK,2025
Hernandez,Pablo Jose,PR,2025
Hickenlooper,John W.,CO,2026
Higgins,Clay,LA,2025
Hill,J. French,AR,2025
Himes,James A.,CT,2025
Arenholz,Ashley,IA,2025
Hirono,Mazie K.,HI,2026
Hoeven,John,ND,2026
Horsford,Steven,NV,2025
Houchin,Erin,IN,2025
Houlahan,Chrissy,PA,2025
Hoyer,Steny H.,MD,2025
Hoyle,Val T.,OR,2025
Hudson,Richard,NC,2025
Huffman,Jared,CA,2025
Huizenga,Bill,MI,2025
Hunt,Wesley,TX,2025
Hurd,Jeff,CO,2025
Husted,Jon,OH,2026
Hyde-Smith,Cindy,MS,2026
Issa,Darrell,CA,2025
Ivey,Glenn,MD,2025
Jack,Brian,GA,2025
Jackson,Jonathan L.,IL,2025
Jackson,Ronny,TX,2025
Jacobs,Sara,CA,2025
James,John,MI,2025
Jayapal,Pramila,WA,2025
Jeffries,Hakeem S.,NY,2025
Johnson,Dusty,SD,2025
Johnson,"Henry C. ""Hank""",GA,2025
Johnson,Julie,TX,2025
Johnson,Mike,LA,2025
Johnson,Ron,WI,2026
Jordan,Jim,OH,2025
Joyce,David P.,OH,2025
Joyce,John,PA,2025
Justice,James C.,WV,2026
Kaine,Tim,VA,2026
Kamlager-Dove,Sydney,CA,2025
Kaptur,Marcy,OH,2025
Kean,Thomas H.,NJ,2025
Keating,William R.,MA,2025
Kelly,Mark,AZ,2026
Kelly,Mike,PA,2025
Kelly,Robin L.,IL,2025
Kelly,Trent,MS,2025
Kennedy,John,LA,2026
Kennedy,Mike,UT,2025
Kennedy,Timothy M.,NY,2025
Khanna,Ro,CA,2025
Kiggans,Jennifer A.,VA,2025
Kiley,Kevin,CA,2025
Kim,Andy,NJ,2026
Kim,Young,CA,2025
King,Angus S.,ME,2026
King-Hinds,Kimberlyn,MP,2025
Klobuchar,Amy,MN,2026
Knott,Brad,NC,2025
Krishnamoorthi,Raja,IL,2025
Kustoff,David,TN,2025
LaHood,Darin,IL,2025
LaLota,Nick,NY,2025
Landsman,Greg,OH,2025
Langworthy,Nicholas A.,NY,2025
Lankford,James,OK,2026
Larsen,Rick,WA,2025
Larson,John B.,CT,2025
Latimer,George,NY,2025
Latta,Robert E.,OH,2025
Lawler,Michael,NY,2025
Lee,Laurel M.,FL,2025
Lee,Mike,UT,2026
Lee,Summer L.,PA,2025
Lee,Susie,NV,2025
Leger Fernandez,Teresa,NM,2025
Letlow,Julia,LA,2025
Levin,Mike,CA,2025
Liccardo,Sam T.,CA,2025
Lieu,Ted,CA,2025
Lofgren,Zoe,CA,2025
Loudermilk,Barry,GA,2025
Lucas,Frank D.,OK,2025
Lummis,Cynthia M.,WY,2026
Paulina Luna,Anna,FL,2025
Luttrell,Morgan,TX,2025
Lynch,Stephen F.,MA,2025
Mace,Nancy,SC,2025
Mackenzie,Ryan,PA,2025
Magaziner,Seth,RI,2025
Malliotakis,Nicole,NY,2025
Maloy,Celeste,UT,2025
Mann,Tracey,KS,2025
Mannion,John W.,NY,2025
Markey,Edward J.,MA,2026
Marshall,Roger,KS,2026
Massie,Thomas,KY,2025
Mast,Brian J.,FL,2025
Matsui,Doris O.,CA,2025
McBath,Lucy,GA,2025
McBride,Sarah,DE,2025
Delaney,April,MD,2025
McClain,Lisa C.,MI,2025
McClellan,Jennifer L.,VA,2025
McClintock,Tom,CA,2025
McCollum,Betty,MN,2025
McConnell,Mitch,KY,2026
McCormick,David,PA,2026
McCormick,Richard,GA,2025
McDonald Rivet,Kristen,MI,2025
McDowell,Addison P.,NC,2025
McGarvey,Morgan,KY,2025
McGovern,James P.,MA,2025
McGuire,John J.,VA,2025
McIver,LaMonica,NJ,2025
Meeks,Gregory W.,NY,2025
Menefee,Christian D.,TX,2025
Menendez,Robert,NJ,2025
Meng,Grace,NY,2025
Merkley,Jeff,OR,2026
Messmer,Mark B.,IN,2025
Meuser,Daniel,PA,2025
Mfume,Kweisi,MD,2025
Miller,Carol D.,WV,2025
Miller,Mary E.,IL,2025
Miller,Max L.,OH,2025
Miller-Meeks,Mariannette,IA,2025
Mills,Cory,FL,2025
Min,Dave,CA,2025
Moody,Ashley,FL,2026
Moolenaar,John R.,MI,2025
Moore,Barry,AL,2025
Moore,Blake D.,UT,2025
Moore,Gwen,WI,2025
Moore,Riley M.,WV,2025
Moore,Tim,NC,2025
Moran,Jerry,KS,2026
Moran,Nathaniel,TX,2025
Morelle,Joseph D.,NY,2025
Moreno,Bernie,OH,2026
Morrison,Kelly,MN,2025
Moskowitz,Jared,FL,2025
Moulton,Seth,MA,2025
Moylan,James C.,GU,2025
Mrvan,Frank J.,IN,2025
Mullin,Kevin,CA,2025
Murkowski,Lisa,AK,2026
Murphy,Christopher,CT,2026
Murphy,Gregory F.,NC,2025
Murray,Patty,WA,2026
Nadler,Jerrold,NY,2025
Neal,Richard E.,MA,2025
Neguse,Joe,CO,2025
Nehls,Troy E.,TX,2025
Newhouse,Dan,WA,2025
Norcross,Donald,NJ,2025
Norman,Ralph,SC,2025
Norton,Eleanor Holmes,DC,2025
Nunn,Zachary,IA,2025
Obernolte,Jay,CA,2025
Ocasio-Cortez,Alexandria,NY,2025
Ogles,Andrew,TN,2025
Olszewski,Johnny,MD,2025
Omar,Ilhan,MN,2025
Onder,Robert F.,MO,2025
Ossoff,Jon,GA,2026
Owens,Burgess,UT,2025
Padilla,Alex,CA,2026
Pallone,Frank,NJ,2025
Palmer,Gary J.,AL,2025
Panetta,Jimmy,CA,2025
Pappas,Chris,NH,2025
Patronis,Jimmy,FL,2025
Paul,Rand,KY,2026
Pelosi,Nancy,CA,2025
Gluesenkamp Perez,Marie,WA,2025
Perry,Scott,PA,2025
Peters,Gary C.,MI,2026
Peters,Scott H.,CA,2025
Pettersen,Brittany,CO,2025
Pfluger,August,TX,2025
Pingree,Chellie,ME,2025
Plaskett,Stacey E.,VI,2025
Pocan,Mark,WI,2025
Pou,Nellie,NJ,2025
Pressley,Ayanna,MA,2025
Quigley,Mike,IL,2025
Ramirez,Delia C.,IL,2025
Randall,Emily,WA,2025
Raskin,Jamie,MD,2025
Reed,Jack,RI,2026
Reschenthaler,Guy,PA,2025
Ricketts,Pete,NE,2026
Riley,Josh,NY,2025
Risch,James E.,ID,2026
Rivas,Luz M.,CA,2025
Rogers,Harold,KY,2025
Rogers,Mike D.,AL,2025
Rose,John W.,TN,2025
Rosen,Jacky,NV,2026
Ross,Deborah K.,NC,2025
Rounds,Mike,SD,2026
Rouzer,David,NC,2025
Roy,Chip,TX,2025
Ruiz,Raul,CA,2025
Rulli,Michael A.,OH,2025
Rutherford,John H.,FL,2025
Ryan,Patrick,NY,2025
Salazar,Maria Elvira,FL,2025
Salinas,Andrea,OR,2025
Sanders,Bernard,VT,2026
Scalise,Steve,LA,2025
Scanlon,Mary Gay,PA,2025
Schakowsky,Janice D.,IL,2025
Schatz,Brian,HI,2026
Schiff,Adam B.,CA,2026
Schmidt,Derek,KS,2025
Schmitt,Eric,MO,2026
Schneider,Bradley Scott,IL,2025
Scholten,Hillary J.,MI,2025
Schrier,Kim,WA,2025
Schumer,Charles E.,NY,2026
Schweikert,David,AZ,2025
Scott,Austin,GA,2025
Scott,Rick,FL,2026
Scott,"Robert C. ""Bobby""",VA,2025
Scott,Tim,SC,2026
Self,Keith,TX,2025
Sessions,Pete,TX,2025
Sewell,Terri A.,AL,2025
Shaheen,Jeanne,NH,2026
Sheehy,Tim,MT,2026
Sherman,Brad,CA,2025
Shreve,Jefferson,IN,2025
Simon,Lateefah,CA,2025
Simpson,Michael K.,ID,2025
Slotkin,Elissa,MI,2026
Smith,Adam,WA,2025
Smith,Adrian,NE,2025
Smith,Christopher H.,NJ,2025
Smith,Jason,MO,2025
Smith,Tina,MN,2026
Smucker,Lloyd,PA,2025
Sorensen,Eric,IL,2025
Soto,Darren,FL,2025
Spartz,Victoria,IN,2025
Stansbury,Melanie A.,NM,2025
Stanton,Greg,AZ,2025
Stauber,Pete,MN,2025
Stefanik,Elise M.,NY,2025
Steil,Bryan,WI,2025
Steube,W. Gregory,FL,2025
Stevens,Haley M.,MI,2025
Strickland,Marilyn,WA,2025
Strong,Dale W.,AL,2025
Stutzman,Marlin A.,IN,2025
Subramanyam,Suhas,VA,2025
Sullivan,Dan,AK,2026
Suozzi,Thomas R.,NY,2025
Sykes,Emilia Strong,OH,2025
Sanchez,Linda T.,CA,2025
Takano,Mark,CA,2025
Taylor,David J.,OH,2025
Tenney,Claudia,NY,2025
Thanedar,Shri,MI,2025
Thompson,Bennie G.,MS,2025
Thompson,Glenn,PA,2025
Thompson,Mike,CA,2025
Thune,John,SD,2026
Tiffany,Thomas P.,WI,2025
Tillis,Thomas,NC,2026
Timmons,William R.,SC,2025
Titus,Dina,NV,2025
Tlaib,Rashida,MI,2025
Tokuda,Jill N.,HI,2025
Tonko,Paul,NY,2025
Torres,Norma J.,CA,2025
Torres,Ritchie,NY,2025
Trahan,Lori,MA,2025
Tran,Derek,CA,2025
Tuberville,Tommy,AL,2026
Turner,Michael R.,OH,2025
Underwood,Lauren,IL,2025
Valadao,David G.,CA,2025
Van Drew,Jefferson,NJ,2025
Van Duyne,Beth,TX,2025
Van Epps,Matt,TN,2026
Van Hollen,Chris,MD,2026
Van Orden,Derrick,WI,2025
Vargas,Juan,CA,2025
Vasquez,Gabe,NM,2025
Veasey,Marc A.,TX,2025
Velázquez,Nydia M.,NY,2025
Vindman,Eugene Simon,VA,2025
Wagner,Ann,MO,2025
Walberg,Tim,MI,2025
Walkinshaw,James R.,VA,2025
Warner,Mark R.,VA,2026
Warnock,Raphael G.,GA,2026
Warren,Elizabeth,MA,2026
Wasserman Schultz,Debbie,FL,2025
Waters,Maxine,CA,2025
Coleman,Bonnie,NJ,2025
Weber,Randy K. Sr.,TX,2025
Webster,Daniel,FL,2025
Welch,Peter,VT,2026
Westerman,Bruce,AR,2025
Whitehouse,Sheldon,RI,2026
Whitesides,George,CA,2025
Wicker,Roger F.,MS,2026
Williams,Nikema,GA,2025
Williams,Roger,TX,2025
Wilson,Frederica S.,FL,2025
Wilson,Joe,SC,2025
Wittman,Robert J.,VA,2025
Womack,Steve,AR,2025
Wyden,Ron,OR,2026
Yakym,Rudy,IN,2025
Young,Todd,IN,2026
Zinke,Ryan K.,MT,2025
