last_name,first_name,party,state,chamber,congress_status,owner,filing_year,link,triggered_terms,matched_asset_names
Arenholz,Ashley,R,IA,house,current,True,2025,https://disclosures-clerk.house.gov/public_disc/financial-pdfs/2025/10076278.pdf,"btc, bitcoin, grayscale, gbtc, bito","CHARLES SCHWAB BROKERAGE ACCOUNT [2] ⇒ Grayscale Bitcoin Mini Trust ETF (BTC) [OT], Grayscale Bitcoin Trust (GBTC) [EF], CHARLES SCHWAB BROKERAGE ACCOUNT [2] ⇒ ProShares Bitcoin ETF (BITO) [EF]"
Begich,Nicholas J.,R,AK,house,current,True,2025,https://disclosures-clerk.house.gov/public_disc/financial-pdfs/2025/10075994.pdf,bitcoin,"Bitcoin [CT], Bitcoin Cash [CT]"
Bresnahan,Robert P.,R,PA,house,current,True,2025,https://disclosures-clerk.house.gov/public_disc/financial-pdfs/2025/10075331.pdf,"coinbase, (coin)","JP Morgan Brokerage Account #2 => Coinbase Global, Inc. - Class A Common Stock (COIN) [ST]"
Britt,Katie Boyd,R,AL,senate,current,True,2026,https://efdsearch.senate.gov/search/view/annual/e94da42f-0f1b-416b-9af2-48034c5651b1/,"block, inc","SQ - Block, Inc. Class A Common Stock,"
Cisneros,Gilbert Ray,D,CA,house,current,True,2025,https://disclosures-clerk.house.gov/public_disc/financial-pdfs/2025/10074952.pdf,"block, inc, marathon digital, (mara), microstrategy, mstr, coinbase, (coin), (sq)","150 Main Street Trust ⇒ Bank of America ⇒ Block, Inc. Class A Common Stock, (XYZ) [ST], 150 Main Street Trust ⇒ Wells Fargo Advisors ⇒ Marathon Digital Holdings, Inc. - Common Stock (MARA) [ST], 150 Main Street Trust ⇒ Wells Fargo Advisors ⇒ MicroStrategy Incorporated - Class A (MSTR) [ST], 150 Main Street Trust ⇒ Bank of America ⇒ Coinbase Global, Inc. - Class A Common Stock (COIN) [ST], 150 Main Street Trust ⇒ Bank of America ⇒ Block, Inc. Class A Common Stock, (SQ) [ST]"
Collins,Mike,R,GA,house,current,True,2025,https://disclosures-clerk.house.gov/public_disc/financial-pdfs/2025/10081384.pdf,"ski mask dog, crypto, ethereum, cryptocurrency","ski mask dog [CT], Ski Mask Dog [CT], Ethereum Crypto currency [CT], Ethereum [CT], Cryptocurrency Assets"
Cruz,Ted,R,TX,senate,current,True,2026,https://efdsearch.senate.gov/search/view/annual/cf2a1a88-62f5-41ae-95ed-48a341687be7/,bitcoin,"Bitcoin Exchange/Platform: River Financial Inc, Bitcoin MinersDescription: Three Bitcoin Miners (Iraan, Texas), Bitcoin MinersDescription: Bitmain S21"
Donalds,Byron,R,FL,house,current,True,2025,https://disclosures-clerk.house.gov/public_disc/financial-pdfs/2025/10075306.pdf,"crypto, btc, bitcoin","Alto IRA => Bitcoin (CRYPTO:BTC) [CT], Bitcoin (CRYPTO:BTC) [CT]"
Fallon,Pat,R,TX,house,current,True,2025,https://disclosures-clerk.house.gov/public_disc/financial-pdfs/2025/10073345.pdf,"block, inc, (sq)","WF - Investment - 3 ⇒ Block, Inc. Class A Common Stock, (SQ) [ST]"
Fetterman,John,D,PA,senate,current,True,2026,https://efdsearch.senate.gov/search/view/annual/8eed05ea-ec2d-4ef5-b458-d410fd76b40e/,coinbase,"COIN - Coinbase Global, Inc. - Class A Common StockFiler comment: Purchase less than $1,000."
Gill,Brandon,R,TX,house,current,True,2025,https://disclosures-clerk.house.gov/public_disc/financial-pdfs/2025/10077427.pdf,btc,BTC [CT]
Harrigan,Pat,R,NC,house,current,True,2025,https://disclosures-clerk.house.gov/public_disc/financial-pdfs/2025/10081474.pdf,ethereum,Ethereum [CT]
Jackson,Jeff,D,NC,house,past,True,2023,https://disclosures-clerk.house.gov/public_disc/financial-pdfs/2023/10061286.pdf,"cryptocurrency, cardano","Cryptocurrency => Ankr [OT], Cryptocurrency => Cardano [OT]"
Khanna,Ro,D,CA,house,current,True,2025,https://disclosures-clerk.house.gov/public_disc/financial-pdfs/2025/9116272.pdf,"coinbase, block inc, block, inc","COINBASE GLOBAL INC CMN CLASS A, BLOCK INC CMN CLASS A, COINBASE GLOBAL, INC. CMN CLASS A, BLOCK, INC CMN CLASS A"
Lummis,Cynthia M.,R,WY,senate,current,True,2026,https://efdsearch.senate.gov/search/view/annual/1e9b68e7-a359-4b46-9621-d07d92c25689/,bitcoin (qualified blind trust exception),Qualified Blind Trust (previously disclosed Bitcoin)
Luttrell,Morgan,R,TX,house,current,True,2025,https://disclosures-clerk.house.gov/public_disc/financial-pdfs/2025/10081366.pdf,"bitcoin, fbtc",Fidelity Wise Origin Bitcoin Fund (FBTC) [EF]
Mackenzie,Ryan,R,PA,house,current,True,2025,https://disclosures-clerk.house.gov/public_disc/financial-pdfs/2025/10076997.pdf,"bitcoin, coinbase",Coinbase Account (Bitcoin) [CT]
McBath,Lucy,D,GA,house,current,True,2025,https://disclosures-clerk.house.gov/public_disc/financial-pdfs/2025/10074842.pdf,"coinbase, (coin)","Curtis - Fidelity Rollover IRA ⇒ Coinbase Global, Inc. - Class A Common Stock (COIN) [ST]"
McCormick,David,R,PA,senate,current,True,2026,https://efdsearch.senate.gov/search/view/annual/3e2b0cca-3ab7-428e-b2ce-f08691f27dd1/,"bitcoin, bitb, ethereum","BITB - Bitwise Bitcoin ETF, ETHW - Bitwise Ethereum ETF"
Miller,Max L.,R,OH,house,current,True,2025,https://disclosures-clerk.house.gov/public_disc/financial-pdfs/2025/10076162.pdf,"bitcoin, ibit","1989 Trust ⇒ iShares Bitcoin Trust ETF (IBIT) [ET], iShares Bitcoin Trust ETF (IBIT) [ET]"
Patronis,Jimmy,R,FL,house,current,True,2025,https://disclosures-clerk.house.gov/public_disc/financial-pdfs/2025/10076284.pdf,bitcoin,Bitcoin [CT]
Pelosi,Nancy,D,CA,house,current,True,2025,https://disclosures-clerk.house.gov/public_disc/financial-pdfs/2025/10075701.pdf,"block, inc, (sq)","Block, Inc. Class A Common Stock, (SQ) [ST]"
Reschenthaler,Guy,R,PA,house,current,True,2025,https://disclosures-clerk.house.gov/public_disc/financial-pdfs/2025/10075419.pdf,"ripple, xrp, btc, bitcoin, solana","XRP (Ripple) [CT], BTC (Bitcoin) [CT], SOL (Solana) [CT]"
Sheehy,Tim,R,MT,senate,current,True,2026,https://efdsearch.senate.gov/search/view/annual/27930567-6b16-4a88-ab6f-f372303a7224/,bitcoin,"FS NYDIG SELECT BITCOIN LPDescription: Investment Fund (New York, NY)"
Smith,Adrian,R,NE,house,current,True,2025,https://disclosures-clerk.house.gov/public_disc/financial-pdfs/2025/10076487.pdf,bitcoin,BITCOIN BANCORP (BCBC) [ST]
Thanedar,Shri,D,MI,house,current,True,2025,https://disclosures-clerk.house.gov/public_disc/financial-pdfs/2025/10075203.pdf,"bitcoin, ibit, (etha), ethereum, mstr","iShares Bitcoin Trust ETF - iShares Bitcoin Trust ETF (IBIT) [ET], iShares Ethereum Trust ETF (ETHA) [ST], iShares Bitcoin Trust ETF (IBIT) [ST], Strategy Inc - Class A Common Stock (MSTR) [ST]"
Tlaib,Rashida,D,MI,house,current,True,2025,https://disclosures-clerk.house.gov/public_disc/financial-pdfs/2025/10074621.pdf,"bitcoin, ibit, grayscale, ethereum","Schwab Rollover Traditional IRA ⇒ iShares Bitcoin Trust ETF (IBIT) [EF], Schwab Roth Contributory IRA ⇒ Grayscale Ethereum Staking Mini ETF Shares (ETH) [ST], Schwab Roth Contributory IRA ⇒ iShares Bitcoin Trust ETF (IBIT) [ST], Schwab Roth Contributory IRA ⇒ iShares Bitcoin Trust ETF (IBIT) [EF]"
Tran,Derek,D,CA,house,current,True,2025,https://disclosures-clerk.house.gov/public_disc/financial-pdfs/2025/10074943.pdf,"cryptocurrency, coinbase, binance","Coinbase cryptocurrency wallet, Binance cryptocurrency wallet"
Van Drew,Jefferson,R,NJ,house,current,True,2025,https://disclosures-clerk.house.gov/public_disc/financial-pdfs/2025/9116169.pdf,grayscale,Grayscale Investment Trust
Vance,J. D.,R,OH,senate,past,True,2024,https://efdsearch.senate.gov/search/view/annual/2f2f5bbc-50c5-4b00-acd9-85870f9e349c/,coinbase,BTCExchange/Platform: Coinbase
Waltz,Michael,R,FL,house,past,True,2023,https://disclosures-clerk.house.gov/public_disc/financial-pdfs/2023/10057260.pdf,bitcoin,"Bitcoin [OT], Cresset Investment Account => Wise Origin Bitcoin Index Fund I, LP [HE]"
Adams,Alma S.,D,NC,house,current,False,2025,https://disclosures-clerk.house.gov/public_disc/financial-pdfs/2025/10077643.pdf,,
Aderholt,Robert B.,R,AL,house,current,False,2025,https://disclosures-clerk.house.gov/public_disc/financial-pdfs/2025/10078366.pdf,,
Aguilar,Pete,D,CA,house,current,False,2025,https://disclosures-clerk.house.gov/public_disc/financial-pdfs/2025/10076409.pdf,,
Alford,Mark,R,MO,house,current,False,2025,https://disclosures-clerk.house.gov/public_disc/financial-pdfs/2025/10076207.pdf,,
Allen,Rick W.,R,GA,house,current,False,2025,https://disclosures-clerk.house.gov/public_disc/financial-pdfs/2025/10074380.pdf,,
Allred,Colin Z.,D,TX,house,past,False,2023,https://disclosures-clerk.house.gov/public_disc/financial-pdfs/2023/10059582.pdf,,
Alsobrooks,Angela D.,D,MD,senate,current,False,2026,https://efdsearch.senate.gov/search/view/annual/bfbd49d0-5e32-4f06-9044-a034f48efd18/,,
Amo,Gabe,D,RI,house,current,False,2025,https://disclosures-clerk.house.gov/public_disc/financial-pdfs/2025/10076093.pdf,,
Amodei,Mark E.,R,NV,house,current,False,2025,https://disclosures-clerk.house.gov/public_disc/financial-pdfs/2025/10075736.pdf,,
Ansari,Yassamin,D,AZ,house,current,False,2025,https://disclosures-clerk.house.gov/public_disc/financial-pdfs/2025/10078188.pdf,,
Armstrong,Kelly,R,ND,house,past,False,2023,https://disclosures-clerk.house.gov/public_disc/financial-pdfs/2023/10057429.pdf,,
Arrington,Jodey C.,R,TX,house,current,False,2025,https://disclosures-clerk.house.gov/public_disc/financial-pdfs/2025/10078577.pdf,,
Auchincloss,Jake,D,MA,house,current,False,2025,https://disclosures-clerk.house.gov/public_disc/financial-pdfs/2025/10073339.pdf,,
Babin,Brian,R,TX,house,current,False,2025,https://disclosures-clerk.house.gov/public_disc/financial-pdfs/2025/10076043.pdf,,
Bacon,Don,R,NE,house,current,False,2025,https://disclosures-clerk.house.gov/public_disc/financial-pdfs/2025/10075432.pdf,,
Baird,James R.,R,IN,house,current,False,2025,https://disclosures-clerk.house.gov/public_disc/financial-pdfs/2025/10078375.pdf,,
Balderson,Troy,R,OH,house,current,False,2025,https://disclosures-clerk.house.gov/public_disc/financial-pdfs/2025/10075720.pdf,,
Baldwin,Tammy,D,WI,senate,current,False,2026,https://efdsearch.senate.gov/search/view/annual/26e96ef6-eee0-41ec-a500-9dcd734e92c1/,,
Balint,Becca,D,VT,house,current,False,2025,https://disclosures-clerk.house.gov/public_disc/financial-pdfs/2025/10075825.pdf,,
Banks,Jim,R,IN,senate,current,False,2026,https://efdsearch.senate.gov/search/view/annual/b12439ea-8513-4059-9ef3-a37326e7297c/,,
Barr,Andy,R,KY,house,current,False,2025,https://disclosures-clerk.house.gov/public_disc/financial-pdfs/2025/10074914.pdf,,
Barragan,Nanette Diaz,D,CA,house,current,False,2025,https://disclosures-clerk.house.gov/public_disc/financial-pdfs/2025/10078029.pdf,,
Barrasso,John,R,WY,senate,current,False,2026,https://efdsearch.senate.gov/search/view/annual/1df9baca-d6f2-4de4-be9d-55027b3001df/,,
Barrett,Tom,R,MI,house,current,False,2025,https://disclosures-clerk.house.gov/public_disc/financial-pdfs/2025/10081387.pdf,,
Baumgartner,Michael,R,WA,house,current,False,2025,https://disclosures-clerk.house.gov/public_disc/financial-pdfs/2025/10075625.pdf,,
Bean,Aaron,R,FL,house,current,False,2025,https://disclosures-clerk.house.gov/public_disc/financial-pdfs/2025/10078008.pdf,,
Beatty,Joyce,D,OH,house,current,False,2025,https://disclosures-clerk.house.gov/public_disc/financial-pdfs/2025/10076774.pdf,,
Bell,Wesley,D,MO,house,current,False,2025,https://disclosures-clerk.house.gov/public_disc/financial-pdfs/2025/10077038.pdf,,
Bennet,Michael F.,D,CO,senate,current,False,2026,https://efdsearch.senate.gov/search/view/annual/61c2ebe1-75dc-4689-b411-143a26a8c103/,,
Bentz,Cliff,R,OR,house,current,False,2025,https://disclosures-clerk.house.gov/public_disc/financial-pdfs/2025/10075533.pdf,,
Bera,Ami,D,CA,house,current,False,2025,https://disclosures-clerk.house.gov/public_disc/financial-pdfs/2025/10081578.pdf,,
Bergman,Jack,R,MI,house,current,False,2025,https://disclosures-clerk.house.gov/public_disc/financial-pdfs/2025/10076771.pdf,,
Beyer,Donald S.,D,VA,house,current,False,2025,https://disclosures-clerk.house.gov/public_disc/financial-pdfs/2025/10075444.pdf,,
Bice,Stephanie I.,R,OK,house,current,False,2025,https://disclosures-clerk.house.gov/public_disc/financial-pdfs/2025/10077486.pdf,,
Biggs,Andy,R,AZ,house,current,False,2025,https://disclosures-clerk.house.gov/public_disc/financial-pdfs/2025/10076619.pdf,,
Biggs,Sheri,R,SC,house,current,False,2025,https://disclosures-clerk.house.gov/public_disc/financial-pdfs/2025/10075607.pdf,,
Bilirakis,Gus M.,R,FL,house,current,False,2025,https://disclosures-clerk.house.gov/public_disc/financial-pdfs/2025/9116162.pdf,,
Bishop,Dan,R,NC,house,past,False,2023,https://disclosures-clerk.house.gov/public_disc/financial-pdfs/2023/10062570.pdf,,
Bishop,Sanford D.,D,GA,house,current,False,2025,https://disclosures-clerk.house.gov/public_disc/financial-pdfs/2025/10077628.pdf,,
Blackburn,Marsha,R,TN,senate,current,False,2026,https://efdsearch.senate.gov/search/view/annual/b1c40a20-23b4-4dcb-ad3e-dfa8c0e00e71/,,
Blumenauer,Earl,D,OR,house,past,False,2023,https://disclosures-clerk.house.gov/public_disc/financial-pdfs/2023/10059735.pdf,,
Blumenthal,Richard,D,CT,senate,current,False,2026,https://efdsearch.senate.gov/search/view/paper/a5124b02-61d5-4ae4-8ba9-03c0a9de040e/,,
Blunt Rochester,Lisa,D,DE,senate,current,False,2026,https://efdsearch.senate.gov/search/view/annual/a1efffdb-c810-48e4-ac20-08c77313fc71/,,
Boebert,Lauren,R,CO,house,current,False,2024,https://disclosures-clerk.house.gov/public_disc/financial-pdfs/2024/10070343.pdf,,
Bonamici,Suzanne,D,OR,house,current,False,2025,https://disclosures-clerk.house.gov/public_disc/financial-pdfs/2025/10074745.pdf,,
Booker,Cory A.,D,NJ,senate,current,False,2026,https://efdsearch.senate.gov/search/view/annual/55f811f9-464f-4666-8560-f4bb7c06d284/,,
Boozman,John,R,AR,senate,current,False,2026,https://efdsearch.senate.gov/search/view/annual/9301d6c7-6266-4211-abb6-3dad99b92cf6/,,
Bost,Mike,R,IL,house,current,False,2025,https://disclosures-clerk.house.gov/public_disc/financial-pdfs/2025/10076261.pdf,,
Bowman,Jamaal,D,NY,house,past,False,2023,https://disclosures-clerk.house.gov/public_disc/financial-pdfs/2023/10060343.pdf,,
Boyle,Brendan F.,D,PA,house,current,False,2025,https://disclosures-clerk.house.gov/public_disc/financial-pdfs/2025/10081432.pdf,,
Braun,Mike,R,IN,senate,past,False,2024,https://efdsearch.senate.gov/search/view/annual/31b2b826-95a2-4da8-b850-4a472b284a73/,,
Brecheen,Josh,R,OK,house,current,False,2025,https://disclosures-clerk.house.gov/public_disc/financial-pdfs/2025/10077410.pdf,,
Brown,Sherrod,D,OH,senate,past,False,2024,https://efdsearch.senate.gov/search/view/annual/0091a0e6-17d3-4a52-963a-fc1db3c5d80f/,,
Brown,Shontel M.,D,OH,house,current,False,2025,https://disclosures-clerk.house.gov/public_disc/financial-pdfs/2025/10078356.pdf,,
Brownley,Julia,D,CA,house,current,False,2025,https://disclosures-clerk.house.gov/public_disc/financial-pdfs/2025/10075256.pdf,,
Buchanan,Vern,R,FL,house,current,False,2025,https://disclosures-clerk.house.gov/public_disc/financial-pdfs/2025/10078132.pdf,,
Bucshon,Larry,R,IN,house,past,False,2023,https://disclosures-clerk.house.gov/public_disc/financial-pdfs/2023/10059502.pdf,,
Budd,Ted,R,NC,senate,current,False,2026,https://efdsearch.senate.gov/search/view/annual/191f9640-6a2c-4534-a395-567467035bef/,,
Budzinski,Nikki,D,IL,house,current,False,2025,https://disclosures-clerk.house.gov/public_disc/financial-pdfs/2025/10077489.pdf,,
Burchett,Tim,R,TN,house,current,False,2025,https://disclosures-clerk.house.gov/public_disc/financial-pdfs/2025/10075225.pdf,,
Burgess,Michael C.,R,TX,house,past,False,2023,https://disclosures-clerk.house.gov/public_disc/financial-pdfs/2023/10060806.pdf,,
Burlison,Eric,R,MO,house,current,False,2025,https://disclosures-clerk.house.gov/public_disc/financial-pdfs/2025/10074953.pdf,,
Bush,Cori,D,MO,house,past,False,2023,https://disclosures-clerk.house.gov/public_disc/financial-pdfs/2023/10061337.pdf,,
Butler,Laphonza R.,D,CA,senate,past,False,2024,https://efdsearch.senate.gov/search/view/annual/ede91fb4-df19-4993-bf20-c86b03143458/,,
Bynum,Janelle S.,D,OR,house,current,False,2025,https://disclosures-clerk.house.gov/public_disc/financial-pdfs/2025/10075640.pdf,,
Calvert,Ken,R,CA,house,current,False,2025,https://disclosures-clerk.house.gov/public_disc/financial-pdfs/2025/10075757.pdf,,
Cammack,Kat,R,FL,house,current,False,2025,https://disclosures-clerk.house.gov/public_disc/financial-pdfs/2025/10081635.pdf,,
Cantwell,Maria,D,WA,senate,current,False,2026,https://efdsearch.senate.gov/search/view/annual/46954eab-05b2-4f62-a794-5308f5331aa8/,,
Capito,Shelley Moore,R,WV,senate,current,False,2026,https://efdsearch.senate.gov/search/view/annual/f9c92717-694d-4ba6-aa3d-f214b63fa783/,,
Caraveo,Yadira,D,CO,house,past,False,2023,https://disclosures-clerk.house.gov/public_disc/financial-pdfs/2023/10057540.pdf,,
Carbajal,Salud O.,D,CA,house,current,False,2025,https://disclosures-clerk.house.gov/public_disc/financial-pdfs/2025/10077955.pdf,,
Cardin,Benjamin L.,D,MD,senate,past,False,2024,https://efdsearch.senate.gov/search/view/annual/3e3a7b84-38b9-49ab-80a8-89622e29b6f8/,,
Carey,Mike,R,OH,house,current,False,2025,https://disclosures-clerk.house.gov/public_disc/financial-pdfs/2025/10081577.pdf,,
Carl,Jerry L.,R,AL,house,past,False,2023,https://disclosures-clerk.house.gov/public_disc/financial-pdfs/2023/10060508.pdf,,
Carper,Thomas R.,D,DE,senate,past,False,2024,https://efdsearch.senate.gov/search/view/annual/04db916f-2633-4633-ac3d-3fbda2e9c134/,,
Carson,André,D,IN,house,current,False,2025,https://disclosures-clerk.house.gov/public_disc/financial-pdfs/2025/10077495.pdf,,
Carter,"Earl L. ""Buddy""",R,GA,house,current,False,2025,https://disclosures-clerk.house.gov/public_disc/financial-pdfs/2025/10076245.pdf,,
Carter,Erica,D,TX,house,past,False,2023,https://disclosures-clerk.house.gov/public_disc/financial-pdfs/2023/10057735.pdf,,
Carter,John R.,R,TX,house,current,False,2025,https://disclosures-clerk.house.gov/public_disc/financial-pdfs/2025/10077379.pdf,,
Carter,Troy A.,D,LA,house,current,False,2025,https://disclosures-clerk.house.gov/public_disc/financial-pdfs/2025/9116155.pdf,,
Cartwright,Matt,D,PA,house,past,False,2023,https://disclosures-clerk.house.gov/public_disc/financial-pdfs/2023/10059028.pdf,,
Casar,Greg,D,TX,house,current,False,2025,https://disclosures-clerk.house.gov/public_disc/financial-pdfs/2025/10076038.pdf,,
Case,Ed,D,HI,house,current,False,2025,https://disclosures-clerk.house.gov/public_disc/financial-pdfs/2025/10074497.pdf,,
Casey,Robert P.,D,PA,senate,past,False,2024,https://efdsearch.senate.gov/search/view/annual/f80907e1-7f43-4db1-8dda-28d885483742/,,
Cassidy,Bill,R,LA,senate,current,False,2026,https://efdsearch.senate.gov/search/view/annual/87cbe5f2-ea6d-470a-982b-684f92116e8f/,,
Casten,Sean,D,IL,house,current,False,2025,https://disclosures-clerk.house.gov/public_disc/financial-pdfs/2025/10076925.pdf,,
Castor,Kathy,D,FL,house,current,False,2025,https://disclosures-clerk.house.gov/public_disc/financial-pdfs/2025/10076959.pdf,,
Castro,Joaquin,D,TX,house,current,False,2025,https://disclosures-clerk.house.gov/public_disc/financial-pdfs/2025/9116275.pdf,,
Chavez-DeRemer,Lori,R,OR,house,past,False,2023,https://disclosures-clerk.house.gov/public_disc/financial-pdfs/2023/10060899.pdf,,
Cherfilus-McCormick,Sheila,D,FL,house,past,False,2024,https://disclosures-clerk.house.gov/public_disc/financial-pdfs/2024/9115612.pdf,,
Chu,Judy,D,CA,house,current,False,2025,https://disclosures-clerk.house.gov/public_disc/financial-pdfs/2025/10077247.pdf,,
Ciscomani,Juan,R,AZ,house,current,False,2025,https://disclosures-clerk.house.gov/public_disc/financial-pdfs/2025/10075962.pdf,,
Clark,Katherine M.,D,MA,house,current,False,2025,https://disclosures-clerk.house.gov/public_disc/financial-pdfs/2025/10075831.pdf,,
Clarke,Yvette D.,D,NY,house,current,False,2025,https://disclosures-clerk.house.gov/public_disc/financial-pdfs/2025/10078658.pdf,,
Cleaver,Emanuel,D,MO,house,current,False,2025,https://disclosures-clerk.house.gov/public_disc/financial-pdfs/2025/10077708.pdf,,
Cline,Ben,R,VA,house,current,False,2025,https://disclosures-clerk.house.gov/public_disc/financial-pdfs/2025/10081459.pdf,,
Cloud,Michael,R,TX,house,current,False,2025,https://disclosures-clerk.house.gov/public_disc/financial-pdfs/2025/10077004.pdf,,
Clyburn,James E.,D,SC,house,current,False,2025,https://disclosures-clerk.house.gov/public_disc/financial-pdfs/2025/10076090.pdf,,
Clyde,Andrew S.,R,GA,house,current,False,2025,https://disclosures-clerk.house.gov/public_disc/financial-pdfs/2025/10077683.pdf,,
Cohen,Steve,D,TN,house,current,False,2025,https://disclosures-clerk.house.gov/public_disc/financial-pdfs/2025/10074620.pdf,,
Cole,Tom,R,OK,house,current,False,2025,https://disclosures-clerk.house.gov/public_disc/financial-pdfs/2025/10077471.pdf,,
Coleman,Bonnie,D,NJ,house,current,False,2025,https://disclosures-clerk.house.gov/public_disc/financial-pdfs/2025/9116156.pdf,,
Collins,Susan M.,R,ME,senate,current,False,2026,https://efdsearch.senate.gov/search/view/annual/2cf70262-d7c1-42e3-b171-a9a81976d919/,,
Comer,James,R,KY,house,current,False,2025,https://disclosures-clerk.house.gov/public_disc/financial-pdfs/2025/10077651.pdf,,
Conaway,Herbert C.,D,NJ,house,current,False,2025,https://disclosures-clerk.house.gov/public_disc/financial-pdfs/2025/10081464.pdf,,
Connolly,Gerald E.,D,VA,house,past,False,2023,https://disclosures-clerk.house.gov/public_disc/financial-pdfs/2023/10057570.pdf,,
Coons,Christopher A.,D,DE,senate,current,False,2026,https://efdsearch.senate.gov/search/view/annual/1a0ba218-aebd-4e7c-a4b8-faa7b157a48a/,,
Cornyn,John,R,TX,senate,current,False,2026,https://efdsearch.senate.gov/search/view/annual/4eb7b58b-17db-4883-86d0-5f39cc623c00/,,
Correa,J. Luis,D,CA,house,current,False,2025,https://disclosures-clerk.house.gov/public_disc/financial-pdfs/2025/10077252.pdf,,
Cortez Masto,Catherine,D,NV,senate,current,False,2026,https://efdsearch.senate.gov/search/view/annual/aa714890-8d13-43b1-b78a-ce17103a8e4d/,,
Costa,Jim,D,CA,house,current,False,2025,https://disclosures-clerk.house.gov/public_disc/financial-pdfs/2025/10077120.pdf,,
Cotton,Tom,R,AR,senate,current,False,2026,https://efdsearch.senate.gov/search/view/annual/4223f1f4-aeca-4d86-b7ef-47588e0e4575/,,
Courtney,Joe,D,CT,house,current,False,2025,https://disclosures-clerk.house.gov/public_disc/financial-pdfs/2025/10076814.pdf,,
Craig,Angie,D,MN,house,current,False,2025,https://disclosures-clerk.house.gov/public_disc/financial-pdfs/2025/9116157.pdf,,
Cramer,Kevin,R,ND,senate,current,False,2026,https://efdsearch.senate.gov/search/view/annual/c7a06cfe-bf3f-4692-928a-f7507f42a539/,,
Crane,Elijah,R,AZ,house,current,False,2025,https://disclosures-clerk.house.gov/public_disc/financial-pdfs/2025/10076777.pdf,,
Crank,Jeff,R,CO,house,current,False,2025,https://disclosures-clerk.house.gov/public_disc/financial-pdfs/2025/10077119.pdf,,
Crapo,Mike,R,ID,senate,current,False,2026,https://efdsearch.senate.gov/search/view/annual/b6a7bfb2-71d6-4b67-b3bd-8b36f895655e/,,
Crawford,"Eric A. ""Rick""",R,AR,house,current,False,2025,https://disclosures-clerk.house.gov/public_disc/financial-pdfs/2025/10075175.pdf,,
Crenshaw,Dan,R,TX,house,current,False,2024,https://disclosures-clerk.house.gov/public_disc/financial-pdfs/2024/10067491.pdf,,
Crockett,Jasmine,D,TX,house,current,False,2025,https://disclosures-clerk.house.gov/public_disc/financial-pdfs/2025/10074813.pdf,,
Crow,Jason,D,CO,house,current,False,2025,https://disclosures-clerk.house.gov/public_disc/financial-pdfs/2025/10075265.pdf,,
Cuellar,Henry,D,TX,house,current,False,2025,https://disclosures-clerk.house.gov/public_disc/financial-pdfs/2025/10077167.pdf,,
Curtis,John R.,R,UT,senate,current,False,2026,https://efdsearch.senate.gov/search/view/annual/dbac9cff-e9f0-461a-8b23-8c0280e09639/,,
Cárdenas,Tony,D,CA,house,past,False,2023,https://disclosures-clerk.house.gov/public_disc/financial-pdfs/2023/10059460.pdf,,
D'Esposito,Anthony,R,NY,house,past,False,2023,https://disclosures-clerk.house.gov/public_disc/financial-pdfs/2023/10061470.pdf,,
Daines,Steve,R,MT,senate,current,False,2026,https://efdsearch.senate.gov/search/view/annual/97f579ad-e413-4e93-9ed3-7866a7a324d9/,,
Davids,Sharice,D,KS,house,current,False,2025,https://disclosures-clerk.house.gov/public_disc/financial-pdfs/2025/10077176.pdf,,
Davidson,Warren,R,OH,house,current,False,2025,https://disclosures-clerk.house.gov/public_disc/financial-pdfs/2025/10077347.pdf,,
Davis,Danny K.,D,IL,house,current,False,2025,https://disclosures-clerk.house.gov/public_disc/financial-pdfs/2025/9116220.pdf,,
Davis,Donald G.,D,NC,house,current,False,2025,https://disclosures-clerk.house.gov/public_disc/financial-pdfs/2025/10078601.pdf,,
De La Cruz,Monica,R,TX,house,current,False,2025,https://disclosures-clerk.house.gov/public_disc/financial-pdfs/2025/10075630.pdf,,
DeGette,Diana,D,CO,house,current,False,2025,https://disclosures-clerk.house.gov/public_disc/financial-pdfs/2025/10075330.pdf,,
DeLauro,Rosa L.,D,CT,house,current,False,2025,https://disclosures-clerk.house.gov/public_disc/financial-pdfs/2025/10078564.pdf,,
DeSaulnier,Mark,D,CA,house,current,False,2025,https://disclosures-clerk.house.gov/public_disc/financial-pdfs/2025/10078110.pdf,,
Dean,Madeleine,D,PA,house,current,False,2025,https://disclosures-clerk.house.gov/public_disc/financial-pdfs/2025/10077397.pdf,,
DelBene,Suzan K.,D,WA,house,current,False,2025,https://disclosures-clerk.house.gov/public_disc/financial-pdfs/2025/10076133.pdf,,
Delaney,April,D,MD,house,current,False,2025,https://disclosures-clerk.house.gov/public_disc/financial-pdfs/2025/10074769.pdf,,
Deluzio,Christopher R.,D,PA,house,current,False,2025,https://disclosures-clerk.house.gov/public_disc/financial-pdfs/2025/10074671.pdf,,
DesJarlais,Scott,R,TN,house,current,False,2025,https://disclosures-clerk.house.gov/public_disc/financial-pdfs/2025/10077566.pdf,,
Dexter,Maxine,D,OR,house,current,False,2025,https://disclosures-clerk.house.gov/public_disc/financial-pdfs/2025/10077553.pdf,,
Diaz-Balart,Mario,R,FL,house,current,False,2025,https://disclosures-clerk.house.gov/public_disc/financial-pdfs/2025/10076701.pdf,,
Dingell,Debbie,D,MI,house,current,False,2025,https://disclosures-clerk.house.gov/public_disc/financial-pdfs/2025/10075123.pdf,,
Doggett,Lloyd,D,TX,house,current,False,2025,https://disclosures-clerk.house.gov/public_disc/financial-pdfs/2025/10074933.pdf,,
Downing,Troy,R,MT,house,current,False,2025,https://disclosures-clerk.house.gov/public_disc/financial-pdfs/2025/10078011.pdf,,
Duarte,John S.,R,CA,house,past,False,2023,https://disclosures-clerk.house.gov/public_disc/financial-pdfs/2023/8220483.pdf,,
Duckworth,Tammy,D,VA,senate,past,False,2023,https://efdsearch.senate.gov/search/view/annual/014b5055-8073-451f-8dcb-d7eec191e51a/,,
Duncan,Jeff,R,SC,house,past,False,2023,https://disclosures-clerk.house.gov/public_disc/financial-pdfs/2023/10060221.pdf,,
Dunn,Neal P.,R,FL,house,current,False,2025,https://disclosures-clerk.house.gov/public_disc/financial-pdfs/2025/10076120.pdf,,
Durbin,Richard J.,D,IL,senate,current,False,2026,https://efdsearch.senate.gov/search/view/paper/8f61bf83-7edd-40ec-abb1-32af51e396d9/,,
Edwards,Chuck,R,NC,house,current,False,2025,https://disclosures-clerk.house.gov/public_disc/financial-pdfs/2025/10077030.pdf,,
Elfreth,Sarah,D,MD,house,current,False,2025,https://disclosures-clerk.house.gov/public_disc/financial-pdfs/2025/10075345.pdf,,
Ellzey,Jake,R,TX,house,current,False,2025,https://disclosures-clerk.house.gov/public_disc/financial-pdfs/2025/10075218.pdf,,
Emmer,Tom,R,MN,house,current,False,2025,https://disclosures-clerk.house.gov/public_disc/financial-pdfs/2025/9116158.pdf,,
Ernst,Joni,R,IA,senate,current,False,2026,https://efdsearch.senate.gov/search/view/annual/4498b05c-5009-4f94-9c9d-021f32390dbd/,,
Escobar,Veronica,D,TX,house,current,False,2025,https://disclosures-clerk.house.gov/public_disc/financial-pdfs/2025/10076181.pdf,,
Eshoo,Anna G.,D,CA,house,past,False,2023,https://disclosures-clerk.house.gov/public_disc/financial-pdfs/2023/8220419.pdf,,
Espaillat,Adriano,D,NY,house,current,False,2025,https://disclosures-clerk.house.gov/public_disc/financial-pdfs/2025/10077866.pdf,,
Estes,Ron,R,KS,house,current,False,2025,https://disclosures-clerk.house.gov/public_disc/financial-pdfs/2025/10076698.pdf,,
Evans,Dwight,D,PA,house,current,False,2025,https://disclosures-clerk.house.gov/public_disc/financial-pdfs/2025/10077377.pdf,,
Evans,Gabe,R,CO,house,current,False,2025,https://disclosures-clerk.house.gov/public_disc/financial-pdfs/2025/10078293.pdf,,
Ezell,Mike,R,MS,house,current,False,2025,https://disclosures-clerk.house.gov/public_disc/financial-pdfs/2025/10075579.pdf,,
Fedorchak,Julie,R,ND,house,current,False,2025,https://disclosures-clerk.house.gov/public_disc/financial-pdfs/2025/10077206.pdf,,
Feenstra,Randy,R,IA,house,current,False,2025,https://disclosures-clerk.house.gov/public_disc/financial-pdfs/2025/10076528.pdf,,
Ferguson,A. Drew,R,GA,house,past,False,2023,https://disclosures-clerk.house.gov/public_disc/financial-pdfs/2023/10060230.pdf,,
Fields,Cleo,D,LA,house,current,False,2025,https://disclosures-clerk.house.gov/public_disc/financial-pdfs/2025/10074378.pdf,,
Figures,Shomari,D,AL,house,current,False,2025,https://disclosures-clerk.house.gov/public_disc/financial-pdfs/2025/10081374.pdf,,
Fine,Randy,R,FL,house,current,False,2025,https://disclosures-clerk.house.gov/public_disc/financial-pdfs/2025/10077599.pdf,,
Finstad,Brad,R,MN,house,current,False,2025,https://disclosures-clerk.house.gov/public_disc/financial-pdfs/2025/10077771.pdf,,
Fischbach,Michelle,R,MN,house,current,False,2025,https://disclosures-clerk.house.gov/public_disc/financial-pdfs/2025/10077470.pdf,,
Fischer,Deb,R,NE,senate,current,False,2026,https://efdsearch.senate.gov/search/view/annual/e94662dc-6bb3-4f4b-ae14-a019f41ed612/,,
Fitzgerald,Scott,R,WI,house,current,False,2025,https://disclosures-clerk.house.gov/public_disc/financial-pdfs/2025/10076165.pdf,,
Fitzpatrick,Brian K.,R,PA,house,current,False,2025,https://disclosures-clerk.house.gov/public_disc/financial-pdfs/2025/10074614.pdf,,
Fleischmann,"Charles J. ""Chuck""",R,TN,house,current,False,2025,https://disclosures-clerk.house.gov/public_disc/financial-pdfs/2025/9116159.pdf,,
Fletcher,Lizzie,D,TX,house,current,False,2025,https://disclosures-clerk.house.gov/public_disc/financial-pdfs/2025/10076222.pdf,,
Flood,Mike,R,NE,house,current,False,2025,https://disclosures-clerk.house.gov/public_disc/financial-pdfs/2025/10077878.pdf,,
Fong,Vince,R,CA,house,current,False,2025,https://disclosures-clerk.house.gov/public_disc/financial-pdfs/2025/10076689.pdf,,
Foster,Bill,D,IL,house,current,False,2025,https://disclosures-clerk.house.gov/public_disc/financial-pdfs/2025/10074956.pdf,,
Foushee,Valerie P.,D,NC,house,current,False,2025,https://disclosures-clerk.house.gov/public_disc/financial-pdfs/2025/10076606.pdf,,
Foxx,Virginia,R,NC,house,current,False,2025,https://disclosures-clerk.house.gov/public_disc/financial-pdfs/2025/10076776.pdf,,
Frankel,Lois,D,FL,house,current,False,2025,https://disclosures-clerk.house.gov/public_disc/financial-pdfs/2025/10075817.pdf,,
Franklin,C. Scott,R,FL,house,past,False,2023,https://disclosures-clerk.house.gov/public_disc/financial-pdfs/2023/10057719.pdf,,
Franklin,Scott,R,FL,house,current,False,2025,https://disclosures-clerk.house.gov/public_disc/financial-pdfs/2025/10077449.pdf,,
Friedman,Laura,D,CA,house,current,False,2025,https://disclosures-clerk.house.gov/public_disc/financial-pdfs/2025/10076263.pdf,,
Frost,Maxwell,D,FL,house,current,False,2025,https://disclosures-clerk.house.gov/public_disc/financial-pdfs/2025/10077999.pdf,,
Fry,Russell,R,SC,house,current,False,2025,https://disclosures-clerk.house.gov/public_disc/financial-pdfs/2025/10076793.pdf,,
Fulcher,Russ,R,ID,house,current,False,2025,https://disclosures-clerk.house.gov/public_disc/financial-pdfs/2025/10077463.pdf,,
Fuller,Clay,R,GA,house,current,False,2026,https://disclosures-clerk.house.gov/public_disc/financial-pdfs/2026/10078339.pdf,,
Gallego,Ruben,D,AZ,senate,current,False,2026,https://efdsearch.senate.gov/search/view/annual/05bf2b1a-732f-4cc7-87a3-1ecae9c1034b/,,
Garamendi,John,D,CA,house,current,False,2025,https://disclosures-clerk.house.gov/public_disc/financial-pdfs/2025/10075753.pdf,,
Garbarino,Andrew R.,R,NY,house,current,False,2025,https://disclosures-clerk.house.gov/public_disc/financial-pdfs/2025/10076832.pdf,,
Garcia,"Jesús G. ""Chuy""",D,IL,house,current,False,2025,https://disclosures-clerk.house.gov/public_disc/financial-pdfs/2025/10074910.pdf,,
Garcia,Mike,R,CA,house,past,False,2023,https://disclosures-clerk.house.gov/public_disc/financial-pdfs/2023/10060154.pdf,,
Garcia,Robert,D,CA,house,current,False,2025,https://disclosures-clerk.house.gov/public_disc/financial-pdfs/2025/10076607.pdf,,
Garcia,Sylvia R.,D,TX,house,current,False,2025,https://disclosures-clerk.house.gov/public_disc/financial-pdfs/2025/10075794.pdf,,
Gillen,Laura,D,NY,house,current,False,2025,https://disclosures-clerk.house.gov/public_disc/financial-pdfs/2025/10077133.pdf,,
Gillibrand,Kirsten E.,D,NY,senate,current,False,2026,https://efdsearch.senate.gov/search/view/annual/2beb582f-859a-4e8c-98fb-b0887f52a494/,,
Gimenez,Carlos A.,R,FL,house,current,False,2025,https://disclosures-clerk.house.gov/public_disc/financial-pdfs/2025/10078065.pdf,,
Gluesenkamp Perez,Marie,D,WA,house,current,False,2025,https://disclosures-clerk.house.gov/public_disc/financial-pdfs/2025/10076749.pdf,,
Golden,Jared F.,D,ME,house,current,False,2025,https://disclosures-clerk.house.gov/public_disc/financial-pdfs/2025/10074766.pdf,,
Goldman,Craig A.,R,TX,house,current,False,2025,https://disclosures-clerk.house.gov/public_disc/financial-pdfs/2025/10074631.pdf,,
Goldman,Daniel S.,D,NY,house,current,False,2025,https://disclosures-clerk.house.gov/public_disc/financial-pdfs/2025/10075172.pdf,,
Gomez,Jimmy,D,CA,house,current,False,2025,https://disclosures-clerk.house.gov/public_disc/financial-pdfs/2025/10076526.pdf,,
Gonzales,Tony,R,TX,house,past,False,2024,https://disclosures-clerk.house.gov/public_disc/financial-pdfs/2024/10071965.pdf,,
Gonzalez,Vicente,D,TX,house,current,False,2025,https://disclosures-clerk.house.gov/public_disc/financial-pdfs/2025/9116230.pdf,,
Gonzalez-Colon,Jenniffer,R,PR,house,past,False,2023,https://disclosures-clerk.house.gov/public_disc/financial-pdfs/2023/10059869.pdf,,
Good,Bob,R,VA,house,past,False,2023,https://disclosures-clerk.house.gov/public_disc/financial-pdfs/2023/10060656.pdf,,
Gooden,Lance,R,TX,house,current,False,2025,https://disclosures-clerk.house.gov/public_disc/financial-pdfs/2025/10077981.pdf,,
Goodlander,Maggie,D,NH,house,current,False,2025,https://disclosures-clerk.house.gov/public_disc/financial-pdfs/2025/10076838.pdf,,
Gosar,Paul A.,R,AZ,house,current,False,2025,https://disclosures-clerk.house.gov/public_disc/financial-pdfs/2025/9116160.pdf,,
Gottheimer,Josh,D,NJ,house,current,False,2025,https://disclosures-clerk.house.gov/public_disc/financial-pdfs/2025/10074410.pdf,,
Graham,Lindsey,R,SC,senate,past,False,2025,https://efdsearch.senate.gov/search/view/annual/696f53d0-7b88-4762-90bd-fbc241707c55/,,
Granger,Kay,R,TX,house,past,False,2023,https://disclosures-clerk.house.gov/public_disc/financial-pdfs/2023/10057021.pdf,,
Grassley,Chuck,R,IA,senate,current,False,2026,https://efdsearch.senate.gov/search/view/annual/c7bb278f-2755-4b94-8d01-1fe5b5c6849f/,,
Graves,Garret,R,LA,house,past,False,2023,https://disclosures-clerk.house.gov/public_disc/financial-pdfs/2023/10059697.pdf,,
Graves,Sam,R,MO,house,current,False,2025,https://disclosures-clerk.house.gov/public_disc/financial-pdfs/2025/10076300.pdf,,
Gray,Adam,D,CA,house,current,False,2025,https://disclosures-clerk.house.gov/public_disc/financial-pdfs/2025/10076344.pdf,,
Green,Al,D,TX,house,current,False,2025,https://disclosures-clerk.house.gov/public_disc/financial-pdfs/2025/10076561.pdf,,
Green,Mark E.,R,TN,house,past,False,2023,https://disclosures-clerk.house.gov/public_disc/financial-pdfs/2023/10061193.pdf,,
Greene,Marjorie Taylor,R,GA,house,past,False,2023,https://disclosures-clerk.house.gov/public_disc/financial-pdfs/2023/10057355.pdf,,
Griffith,H. Morgan,R,VA,house,current,False,2025,https://disclosures-clerk.house.gov/public_disc/financial-pdfs/2025/10078018.pdf,,
Grijalva,Adelita S.,D,AZ,house,current,False,2025,https://disclosures-clerk.house.gov/public_disc/financial-pdfs/2025/10076172.pdf,,
Grijalva,Raúl M.,D,AZ,house,past,False,2023,https://disclosures-clerk.house.gov/public_disc/financial-pdfs/2023/10059510.pdf,,
Grothman,Glenn,R,WI,house,current,False,2025,https://disclosures-clerk.house.gov/public_disc/financial-pdfs/2025/10077401.pdf,,
Guest,Michael,R,MS,house,current,False,2025,https://disclosures-clerk.house.gov/public_disc/financial-pdfs/2025/9116295.pdf,,
Guthrie,Brett,R,KY,house,current,False,2025,https://disclosures-clerk.house.gov/public_disc/financial-pdfs/2025/9116161.pdf,,
Hageman,Harriet M.,R,WY,house,current,False,2025,https://disclosures-clerk.house.gov/public_disc/financial-pdfs/2025/10076067.pdf,,
Hagerty,Bill,R,TN,senate,current,False,2026,https://efdsearch.senate.gov/search/view/annual/4563d3b7-75ca-437a-addc-9b057a83129e/,,
Hamadeh,Abraham J.,R,AZ,house,current,False,2025,https://disclosures-clerk.house.gov/public_disc/financial-pdfs/2025/10074768.pdf,,
Harder,Josh,D,CA,house,current,False,2025,https://disclosures-clerk.house.gov/public_disc/financial-pdfs/2025/10076099.pdf,,
Haridopolos,Mike,R,FL,house,current,False,2025,https://disclosures-clerk.house.gov/public_disc/financial-pdfs/2025/10076343.pdf,,
Harris,Andy,R,MD,house,current,False,2025,https://disclosures-clerk.house.gov/public_disc/financial-pdfs/2025/10078274.pdf,,
Harris,Mark,R,NC,house,current,False,2025,https://disclosures-clerk.house.gov/public_disc/financial-pdfs/2025/10076282.pdf,,
Harshbarger,Diana,R,TN,house,current,False,2025,https://disclosures-clerk.house.gov/public_disc/financial-pdfs/2025/9116296.pdf,,
Hassan,Margaret Wood,D,NH,senate,current,False,2026,https://efdsearch.senate.gov/search/view/annual/f30d98b7-0388-4ca8-af27-ea738e5a2a8f/,,
Hawley,Josh,R,MO,senate,current,False,2026,https://efdsearch.senate.gov/search/view/annual/7c410f7d-e3c3-4d9d-a0ed-fb4b59159fc5/,,
Hayes,Jahana,D,CT,house,current,False,2025,https://disclosures-clerk.house.gov/public_disc/financial-pdfs/2025/10076853.pdf,,
Heinrich,Martin,D,NM,senate,current,False,2026,https://efdsearch.senate.gov/search/view/annual/f2914d75-d108-4c63-a21c-f45d9215f01a/,,
Hern,Kevin,R,OK,house,current,False,2025,https://disclosures-clerk.house.gov/public_disc/financial-pdfs/2025/10075834.pdf,,
Hernandez,Pablo Jose,D,PR,house,current,False,2025,https://disclosures-clerk.house.gov/public_disc/financial-pdfs/2025/10076730.pdf,,
Hickenlooper,John W.,D,CO,senate,current,False,2026,https://efdsearch.senate.gov/search/view/annual/d5b10a7a-5b87-4bac-b9d5-169ef0498fe9/,,
Higgins,Clay,R,LA,house,current,False,2025,https://disclosures-clerk.house.gov/public_disc/financial-pdfs/2025/10076811.pdf,,
Hill,J. French,R,AR,house,current,False,2025,https://disclosures-clerk.house.gov/public_disc/financial-pdfs/2025/10076109.pdf,,
Himes,James A.,D,CT,house,current,False,2025,https://disclosures-clerk.house.gov/public_disc/financial-pdfs/2025/10077713.pdf,,
Hirono,Mazie K.,D,HI,senate,current,False,2026,https://efdsearch.senate.gov/search/view/annual/563efdcb-07c4-41c1-90d7-b26f808d9dad/,,
Hoeven,John,R,ND,senate,current,False,2026,https://efdsearch.senate.gov/search/view/annual/5017f261-566c-4890-bd83-90ad12d39faf/,,
Horsford,Steven,D,NV,house,current,False,2025,https://disclosures-clerk.house.gov/public_disc/financial-pdfs/2025/10077978.pdf,,
Houchin,Erin,R,IN,house,current,False,2025,https://disclosures-clerk.house.gov/public_disc/financial-pdfs/2025/10076347.pdf,,
Houlahan,Chrissy,D,PA,house,current,False,2025,https://disclosures-clerk.house.gov/public_disc/financial-pdfs/2025/10077226.pdf,,
Hoyer,Steny H.,D,MD,house,current,False,2025,https://disclosures-clerk.house.gov/public_disc/financial-pdfs/2025/10081440.pdf,,
Hoyle,Val T.,D,OR,house,current,False,2025,https://disclosures-clerk.house.gov/public_disc/financial-pdfs/2025/10077015.pdf,,
Hudson,Richard,R,NC,house,current,False,2025,https://disclosures-clerk.house.gov/public_disc/financial-pdfs/2025/10081164.pdf,,
Huffman,Jared,D,CA,house,current,False,2025,https://disclosures-clerk.house.gov/public_disc/financial-pdfs/2025/10078256.pdf,,
Huizenga,Bill,R,MI,house,current,False,2025,https://disclosures-clerk.house.gov/public_disc/financial-pdfs/2025/10076950.pdf,,
Hunt,Wesley,R,TX,house,current,False,2025,https://disclosures-clerk.house.gov/public_disc/financial-pdfs/2025/10078168.pdf,,
Hurd,Jeff,R,CO,house,current,False,2025,https://disclosures-clerk.house.gov/public_disc/financial-pdfs/2025/10076786.pdf,,
Husted,Jon,R,OH,senate,current,False,2026,https://efdsearch.senate.gov/search/view/annual/547bd212-0d13-4546-af17-669518b8a361/,,
Hyde-Smith,Cindy,R,MS,senate,current,False,2026,https://efdsearch.senate.gov/search/view/annual/df0469e4-8285-4dc7-b389-3d161bc950a0/,,
Issa,Darrell,R,CA,house,current,False,2025,https://disclosures-clerk.house.gov/public_disc/financial-pdfs/2025/10075815.pdf,,
Ivey,Glenn,D,MD,house,current,False,2025,https://disclosures-clerk.house.gov/public_disc/financial-pdfs/2025/10081413.pdf,,
Jack,Brian,R,GA,house,current,False,2025,https://disclosures-clerk.house.gov/public_disc/financial-pdfs/2025/10077024.pdf,,
Jackson,Jonathan L.,D,IL,house,current,False,2025,https://disclosures-clerk.house.gov/public_disc/financial-pdfs/2025/10073351.pdf,,
Jackson,Ronny,R,TX,house,current,False,2025,https://disclosures-clerk.house.gov/public_disc/financial-pdfs/2025/10075233.pdf,,
Jacobs,Sara,D,CA,house,current,False,2025,https://disclosures-clerk.house.gov/public_disc/financial-pdfs/2025/10074394.pdf,,
James,John,R,MI,house,current,False,2025,https://disclosures-clerk.house.gov/public_disc/financial-pdfs/2025/10076053.pdf,,
Jayapal,Pramila,D,WA,house,current,False,2025,https://disclosures-clerk.house.gov/public_disc/financial-pdfs/2025/10076844.pdf,,
Jeffries,Hakeem S.,D,NY,house,current,False,2025,https://disclosures-clerk.house.gov/public_disc/financial-pdfs/2025/10076550.pdf,,
Johnson,Dusty,R,SD,house,current,False,2025,https://disclosures-clerk.house.gov/public_disc/financial-pdfs/2025/10075320.pdf,,
Johnson,"Henry C. ""Hank""",D,GA,house,current,False,2025,https://disclosures-clerk.house.gov/public_disc/financial-pdfs/2025/10078365.pdf,,
Johnson,Julie,D,TX,house,current,False,2025,https://disclosures-clerk.house.gov/public_disc/financial-pdfs/2025/10075196.pdf,,
Johnson,Mike,R,LA,house,current,False,2025,https://disclosures-clerk.house.gov/public_disc/financial-pdfs/2025/10081199.pdf,,
Johnson,Ron,R,WI,senate,current,False,2026,https://efdsearch.senate.gov/search/view/annual/7edd491e-0ee4-46cb-acb2-6c9d06b89803/,,
Jordan,Jim,R,OH,house,current,False,2025,https://disclosures-clerk.house.gov/public_disc/financial-pdfs/2025/10076961.pdf,,
Joyce,David P.,R,OH,house,current,False,2025,https://disclosures-clerk.house.gov/public_disc/financial-pdfs/2025/10078592.pdf,,
Joyce,John,R,PA,house,current,False,2025,https://disclosures-clerk.house.gov/public_disc/financial-pdfs/2025/10076448.pdf,,
Justice,James C.,R,WV,senate,current,False,2026,https://efdsearch.senate.gov/search/view/annual/5a069df5-928e-4ce3-b505-e0b2312823c8/,,
Kaine,Tim,D,VA,senate,current,False,2026,https://efdsearch.senate.gov/search/view/annual/22da35f5-7eee-41af-9ca6-d6ac830f98cc/,,
Kamlager-Dove,Sydney,D,CA,house,current,False,2025,https://disclosures-clerk.house.gov/public_disc/financial-pdfs/2025/10076932.pdf,,
Kaptur,Marcy,D,OH,house,current,False,2025,https://disclosures-clerk.house.gov/public_disc/financial-pdfs/2025/10077103.pdf,,
Kean,Thomas H.,R,NJ,house,current,False,2025,https://disclosures-clerk.house.gov/public_disc/financial-pdfs/2025/10075136.pdf,,
Keating,William R.,D,MA,house,current,False,2025,https://disclosures-clerk.house.gov/public_disc/financial-pdfs/2025/10078334.pdf,,
Kelly,Mark,D,AZ,senate,current,False,2026,https://efdsearch.senate.gov/search/view/annual/4a55a772-88d7-4816-aec9-99360f8e241f/,,
Kelly,Mike,R,PA,house,current,False,2025,https://disclosures-clerk.house.gov/public_disc/financial-pdfs/2025/10075845.pdf,,
Kelly,Robin L.,D,IL,house,current,False,2025,https://disclosures-clerk.house.gov/public_disc/financial-pdfs/2025/10076866.pdf,,
Kelly,Trent,R,MS,house,current,False,2025,https://disclosures-clerk.house.gov/public_disc/financial-pdfs/2025/10075653.pdf,,
Kennedy,John,R,LA,senate,current,False,2026,https://efdsearch.senate.gov/search/view/annual/03ab6c35-18af-4410-a363-b3bdf3810a3a/,,
Kennedy,Mike,R,UT,house,current,False,2025,https://disclosures-clerk.house.gov/public_disc/financial-pdfs/2025/10074834.pdf,,
Kennedy,Timothy M.,D,NY,house,current,False,2025,https://disclosures-clerk.house.gov/public_disc/financial-pdfs/2025/10077641.pdf,,
Kiggans,Jennifer A.,R,VA,house,current,False,2025,https://disclosures-clerk.house.gov/public_disc/financial-pdfs/2025/10079859.pdf,,
Kildee,Daniel T.,D,MI,house,past,False,2023,https://disclosures-clerk.house.gov/public_disc/financial-pdfs/2023/10059494.pdf,,
Kiley,Kevin,I,CA,house,current,False,2025,https://disclosures-clerk.house.gov/public_disc/financial-pdfs/2025/10081361.pdf,,
Kilmer,Derek,D,WA,house,past,False,2023,https://disclosures-clerk.house.gov/public_disc/financial-pdfs/2023/10059275.pdf,,
Kim,Andy,D,NJ,senate,current,False,2026,https://efdsearch.senate.gov/search/view/annual/fedaaab8-5ad6-4a1b-9113-f151768e779e/,,
Kim,Young,R,CA,house,current,False,2025,https://disclosures-clerk.house.gov/public_disc/financial-pdfs/2025/10074771.pdf,,
King,Angus S.,I,ME,senate,current,False,2026,https://efdsearch.senate.gov/search/view/annual/a077d6df-36f1-4ebf-b7b1-b5568c88a4ec/,,
King-Hinds,Kimberlyn,R,MP,house,current,False,2025,https://disclosures-clerk.house.gov/public_disc/financial-pdfs/2025/10077466.pdf,,
Klobuchar,Amy,D,MN,senate,current,False,2026,https://efdsearch.senate.gov/search/view/annual/7a00461b-7b24-40b3-88da-3c15b9a40835/,,
Knott,Brad,R,NC,house,current,False,2025,https://disclosures-clerk.house.gov/public_disc/financial-pdfs/2025/10081536.pdf,,
Krishnamoorthi,Raja,D,IL,house,current,False,2025,https://disclosures-clerk.house.gov/public_disc/financial-pdfs/2025/10074805.pdf,,
Kuster,Ann M.,D,NH,house,past,False,2023,https://disclosures-clerk.house.gov/public_disc/financial-pdfs/2023/8220486.pdf,,
Kustoff,David,R,TN,house,current,False,2025,https://disclosures-clerk.house.gov/public_disc/financial-pdfs/2025/10076393.pdf,,
LaHood,Darin,R,IL,house,current,False,2025,https://disclosures-clerk.house.gov/public_disc/financial-pdfs/2025/10076177.pdf,,
LaLota,Nick,R,NY,house,current,False,2025,https://disclosures-clerk.house.gov/public_disc/financial-pdfs/2025/10077693.pdf,,
LaMalfa,Doug,R,CA,house,past,False,2024,https://disclosures-clerk.house.gov/public_disc/financial-pdfs/2024/10067870.pdf,,
LaTurner,Jake,R,KS,house,past,False,2023,https://disclosures-clerk.house.gov/public_disc/financial-pdfs/2023/10060099.pdf,,
Lamborn,Doug,R,CO,house,past,False,2023,https://disclosures-clerk.house.gov/public_disc/financial-pdfs/2023/8220575.pdf,,
Landsman,Greg,D,OH,house,current,False,2025,https://disclosures-clerk.house.gov/public_disc/financial-pdfs/2025/10074384.pdf,,
Langworthy,Nicholas A.,R,NY,house,current,False,2025,https://disclosures-clerk.house.gov/public_disc/financial-pdfs/2025/10078337.pdf,,
Lankford,James,R,OK,senate,current,False,2026,https://efdsearch.senate.gov/search/view/annual/803e6ea9-d1e0-48d3-bfa2-2c64b802387c/,,
Larsen,Rick,D,WA,house,current,False,2025,https://disclosures-clerk.house.gov/public_disc/financial-pdfs/2025/10075151.pdf,,
Larson,John B.,D,CT,house,current,False,2025,https://disclosures-clerk.house.gov/public_disc/financial-pdfs/2025/10074715.pdf,,
Latimer,George,D,NY,house,current,False,2025,https://disclosures-clerk.house.gov/public_disc/financial-pdfs/2025/10077972.pdf,,
Latta,Robert E.,R,OH,house,current,False,2025,https://disclosures-clerk.house.gov/public_disc/financial-pdfs/2025/10075087.pdf,,
Lawler,Michael,R,NY,house,current,False,2025,https://disclosures-clerk.house.gov/public_disc/financial-pdfs/2025/10078077.pdf,,
Lee,Barbara,D,CA,house,past,False,2023,https://disclosures-clerk.house.gov/public_disc/financial-pdfs/2023/10061113.pdf,,
Lee,Laurel M.,R,FL,house,current,False,2025,https://disclosures-clerk.house.gov/public_disc/financial-pdfs/2025/10081525.pdf,,
Lee,Mike,R,UT,senate,current,False,2026,https://efdsearch.senate.gov/search/view/annual/7074d4bc-00c3-4eda-b81c-0ad33acf62fa/,,
Lee,Summer L.,D,PA,house,current,False,2025,https://disclosures-clerk.house.gov/public_disc/financial-pdfs/2025/10078665.pdf,,
Lee,Susie,D,NV,house,current,False,2025,https://disclosures-clerk.house.gov/public_disc/financial-pdfs/2025/10075708.pdf,,
Leger Fernandez,Teresa,D,NM,house,current,False,2025,https://disclosures-clerk.house.gov/public_disc/financial-pdfs/2025/10077330.pdf,,
Lesko,Debbie,R,AZ,house,past,False,2023,https://disclosures-clerk.house.gov/public_disc/financial-pdfs/2023/10059171.pdf,,
Letlow,Julia,R,LA,house,current,False,2025,https://disclosures-clerk.house.gov/public_disc/financial-pdfs/2025/10076014.pdf,,
Levin,Mike,D,CA,house,current,False,2025,https://disclosures-clerk.house.gov/public_disc/financial-pdfs/2025/10075542.pdf,,
Liccardo,Sam T.,D,CA,house,current,False,2025,https://disclosures-clerk.house.gov/public_disc/financial-pdfs/2025/10078554.pdf,,
Lieu,Ted,D,CA,house,current,False,2025,https://disclosures-clerk.house.gov/public_disc/financial-pdfs/2025/10078282.pdf,,
Lofgren,Zoe,D,CA,house,current,False,2025,https://disclosures-clerk.house.gov/public_disc/financial-pdfs/2025/10074949.pdf,,
Loudermilk,Barry,R,GA,house,current,False,2025,https://disclosures-clerk.house.gov/public_disc/financial-pdfs/2025/10077817.pdf,,
Lucas,Frank D.,R,OK,house,current,False,2025,https://disclosures-clerk.house.gov/public_disc/financial-pdfs/2025/10077228.pdf,,
Luetkemeyer,Blaine,R,MO,house,past,False,2023,https://disclosures-clerk.house.gov/public_disc/financial-pdfs/2023/8220467.pdf,,
Lujan,Ben Ray,D,NM,senate,current,False,2025,https://efdsearch.senate.gov/search/view/paper/e9ec1cb6-4198-42c6-98f3-dfb0ff2b92b3/,,
Lynch,Stephen F.,D,MA,house,current,False,2025,https://disclosures-clerk.house.gov/public_disc/financial-pdfs/2025/10076086.pdf,,
Mace,Nancy,R,SC,house,current,False,2025,https://disclosures-clerk.house.gov/public_disc/financial-pdfs/2025/10081687.pdf,,
Magaziner,Seth,D,RI,house,current,False,2025,https://disclosures-clerk.house.gov/public_disc/financial-pdfs/2025/10075328.pdf,,
Malliotakis,Nicole,R,NY,house,current,False,2025,https://disclosures-clerk.house.gov/public_disc/financial-pdfs/2025/10076820.pdf,,
Maloy,Celeste,R,UT,house,current,False,2025,https://disclosures-clerk.house.gov/public_disc/financial-pdfs/2025/10081600.pdf,,
Manchin,Joe,I,WV,senate,past,False,2024,https://efdsearch.senate.gov/search/view/annual/0e5ba574-5ea4-475b-9967-86d065d0db7c/,,
Mann,Tracey,R,KS,house,current,False,2025,https://disclosures-clerk.house.gov/public_disc/financial-pdfs/2025/10076922.pdf,,
Manning,Kathy E.,D,NC,house,past,False,2023,https://disclosures-clerk.house.gov/public_disc/financial-pdfs/2023/10057256.pdf,,
Mannion,John W.,D,NY,house,current,False,2025,https://disclosures-clerk.house.gov/public_disc/financial-pdfs/2025/10076752.pdf,,
Markey,Edward J.,D,MA,senate,current,False,2026,https://efdsearch.senate.gov/search/view/annual/e4bf8423-71f8-48cc-bbad-8c7e84038cf1/,,
Marshall,Roger,R,KS,senate,current,False,2026,https://efdsearch.senate.gov/search/view/annual/c37745f9-109f-4f5d-a4aa-74b91f48c824/,,
Massie,Thomas,R,KY,house,current,False,2025,https://disclosures-clerk.house.gov/public_disc/financial-pdfs/2025/10077444.pdf,,
Mast,Brian J.,R,FL,house,current,False,2025,https://disclosures-clerk.house.gov/public_disc/financial-pdfs/2025/10076430.pdf,,
Matsui,Doris O.,D,CA,house,current,False,2025,https://disclosures-clerk.house.gov/public_disc/financial-pdfs/2025/9116163.pdf,,
McBride,Sarah,D,DE,house,current,False,2025,https://disclosures-clerk.house.gov/public_disc/financial-pdfs/2025/10077854.pdf,,
McCaul,Michael T.,R,TX,house,current,False,2024,https://disclosures-clerk.house.gov/public_disc/financial-pdfs/2024/9115586.pdf,,
McClain,Lisa C.,R,MI,house,current,False,2025,https://disclosures-clerk.house.gov/public_disc/financial-pdfs/2025/10076052.pdf,,
McClellan,Jennifer L.,D,VA,house,current,False,2025,https://disclosures-clerk.house.gov/public_disc/financial-pdfs/2025/10076903.pdf,,
McClintock,Tom,R,CA,house,current,False,2025,https://disclosures-clerk.house.gov/public_disc/financial-pdfs/2025/10076731.pdf,,
McCollum,Betty,D,MN,house,current,False,2025,https://disclosures-clerk.house.gov/public_disc/financial-pdfs/2025/10076144.pdf,,
McConnell,Mitch,R,KY,senate,current,False,2026,https://efdsearch.senate.gov/search/view/annual/80fb9c88-7489-4c2f-9ea5-ce22b682b998/,,
McCormick,Richard,R,GA,house,current,False,2025,https://disclosures-clerk.house.gov/public_disc/financial-pdfs/2025/10075846.pdf,,
McDonald Rivet,Kristen,D,MI,house,current,False,2025,https://disclosures-clerk.house.gov/public_disc/financial-pdfs/2025/10074835.pdf,,
McDowell,Addison P.,R,NC,house,current,False,2025,https://disclosures-clerk.house.gov/public_disc/financial-pdfs/2025/10074936.pdf,,
McGarvey,Morgan,D,KY,house,current,False,2025,https://disclosures-clerk.house.gov/public_disc/financial-pdfs/2025/10075970.pdf,,
McGovern,James P.,D,MA,house,current,False,2025,https://disclosures-clerk.house.gov/public_disc/financial-pdfs/2025/10075749.pdf,,
McGuire,John J.,R,VA,house,current,False,2025,https://disclosures-clerk.house.gov/public_disc/financial-pdfs/2025/10075908.pdf,,
McHenry,Patrick T.,R,NC,house,past,False,2023,https://disclosures-clerk.house.gov/public_disc/financial-pdfs/2023/10060043.pdf,,
McIver,LaMonica,D,NJ,house,current,False,2025,https://disclosures-clerk.house.gov/public_disc/financial-pdfs/2025/10076045.pdf,,
Meeks,Gregory W.,D,NY,house,current,False,2025,https://disclosures-clerk.house.gov/public_disc/financial-pdfs/2025/10077964.pdf,,
Menefee,Christian D.,D,TX,house,current,False,2025,https://disclosures-clerk.house.gov/public_disc/financial-pdfs/2025/10075931.pdf,,
Menendez,Robert,D,NJ,house,current,False,2025,https://disclosures-clerk.house.gov/public_disc/financial-pdfs/2025/10074390.pdf,,
Meng,Grace,D,NY,house,current,False,2025,https://disclosures-clerk.house.gov/public_disc/financial-pdfs/2025/10075835.pdf,,
Merkley,Jeff,D,OR,senate,current,False,2026,https://efdsearch.senate.gov/search/view/annual/2679d51a-6ff8-4d8d-aecd-61cd3c3656a8/,,
Messmer,Mark B.,R,IN,house,current,False,2025,https://disclosures-clerk.house.gov/public_disc/financial-pdfs/2025/10077191.pdf,,
Meuser,Daniel,R,PA,house,current,False,2025,https://disclosures-clerk.house.gov/public_disc/financial-pdfs/2025/10076074.pdf,,
Mfume,Kweisi,D,MD,house,current,False,2025,https://disclosures-clerk.house.gov/public_disc/financial-pdfs/2025/10077256.pdf,,
Miller,Carol D.,R,WV,house,current,False,2025,https://disclosures-clerk.house.gov/public_disc/financial-pdfs/2025/10076025.pdf,,
Miller,Mary E.,R,IL,house,current,False,2025,https://disclosures-clerk.house.gov/public_disc/financial-pdfs/2025/10076451.pdf,,
Miller-Meeks,Mariannette,R,IA,house,current,False,2025,https://disclosures-clerk.house.gov/public_disc/financial-pdfs/2025/10077246.pdf,,
Mills,Cory,R,FL,house,current,False,2025,https://disclosures-clerk.house.gov/public_disc/financial-pdfs/2025/10076049.pdf,,
Min,Dave,D,CA,house,current,False,2025,https://disclosures-clerk.house.gov/public_disc/financial-pdfs/2025/10075550.pdf,,
Molinaro,Marcus J.,R,NY,house,past,False,2023,https://disclosures-clerk.house.gov/public_disc/financial-pdfs/2023/10061183.pdf,,
Moody,Ashley,R,FL,senate,current,False,2026,https://efdsearch.senate.gov/search/view/annual/7ca4d0a0-27f8-44f1-b393-f61d2d62df02/,,
Moolenaar,John R.,R,MI,house,current,False,2025,https://disclosures-clerk.house.gov/public_disc/financial-pdfs/2025/10076468.pdf,,
Mooney,Alexander X.,R,WV,house,past,False,2023,https://disclosures-clerk.house.gov/public_disc/financial-pdfs/2023/10062529.pdf,,
Moore,Barry,R,AL,house,current,False,2025,https://disclosures-clerk.house.gov/public_disc/financial-pdfs/2025/10076378.pdf,,
Moore,Blake D.,R,UT,house,current,False,2025,https://disclosures-clerk.house.gov/public_disc/financial-pdfs/2025/10074823.pdf,,
Moore,Gwen,D,WI,house,current,False,2025,https://disclosures-clerk.house.gov/public_disc/financial-pdfs/2025/9116164.pdf,,
Moore,Riley M.,R,WV,house,current,False,2025,https://disclosures-clerk.house.gov/public_disc/financial-pdfs/2025/10074829.pdf,,
Moore,Tim,R,NC,house,current,False,2025,https://disclosures-clerk.house.gov/public_disc/financial-pdfs/2025/10075481.pdf,,
Moran,Jerry,R,KS,senate,current,False,2026,https://efdsearch.senate.gov/search/view/annual/331462bf-6468-4c37-bb78-d8bcb4374cf8/,,
Moran,Nathaniel,R,TX,house,current,False,2025,https://disclosures-clerk.house.gov/public_disc/financial-pdfs/2025/10076305.pdf,,
Morelle,Joseph D.,D,NY,house,current,False,2025,https://disclosures-clerk.house.gov/public_disc/financial-pdfs/2025/10078020.pdf,,
Moreno,Bernie,R,OH,senate,current,False,2026,https://efdsearch.senate.gov/search/view/annual/75237a37-18ed-4aa8-946e-7953b9e038af/,,
Morrison,Kelly,D,MN,house,current,False,2025,https://disclosures-clerk.house.gov/public_disc/financial-pdfs/2025/10075173.pdf,,
Moskowitz,Jared,D,FL,house,current,False,2025,https://disclosures-clerk.house.gov/public_disc/financial-pdfs/2025/10074897.pdf,,
Moulton,Seth,D,MA,house,current,False,2025,https://disclosures-clerk.house.gov/public_disc/financial-pdfs/2025/10076609.pdf,,
Moylan,James C.,R,GU,house,current,False,2025,https://disclosures-clerk.house.gov/public_disc/financial-pdfs/2025/10076785.pdf,,
Mrvan,Frank J.,D,IN,house,current,False,2025,https://disclosures-clerk.house.gov/public_disc/financial-pdfs/2025/10078141.pdf,,
Mullin,Kevin,D,CA,house,current,False,2025,https://disclosures-clerk.house.gov/public_disc/financial-pdfs/2025/10077398.pdf,,
Mullin,Markwayne,R,OK,senate,past,False,2025,https://efdsearch.senate.gov/search/view/annual/1536b22a-9260-4cc9-9d88-736a81dfd3e7/,,
Murkowski,Lisa,R,AK,senate,current,False,2026,https://efdsearch.senate.gov/search/view/annual/282dcb63-e978-48e9-b94c-7233a99b40d3/,,
Murphy,Christopher,D,CT,senate,current,False,2026,https://efdsearch.senate.gov/search/view/annual/949767a9-31e4-4409-af97-1ca77758b958/,,
Murphy,Gregory F.,R,NC,house,current,False,2025,https://disclosures-clerk.house.gov/public_disc/financial-pdfs/2025/10075847.pdf,,
Murray,Patty,D,WA,senate,current,False,2026,https://efdsearch.senate.gov/search/view/annual/419e904f-1f31-4f8d-9b66-a05a769bb523/,,
Nadler,Jerrold,D,NY,house,current,False,2025,https://disclosures-clerk.house.gov/public_disc/financial-pdfs/2025/9116165.pdf,,
Napolitano,Grace F.,D,CA,house,past,False,2023,https://disclosures-clerk.house.gov/public_disc/financial-pdfs/2023/10059421.pdf,,
Neal,Richard E.,D,MA,house,current,False,2025,https://disclosures-clerk.house.gov/public_disc/financial-pdfs/2025/10077376.pdf,,
Neguse,Joe,D,CO,house,current,False,2025,https://disclosures-clerk.house.gov/public_disc/financial-pdfs/2025/10076784.pdf,,
Nehls,Troy E.,R,TX,house,current,False,2025,https://disclosures-clerk.house.gov/public_disc/financial-pdfs/2025/10081643.pdf,,
Newhouse,Dan,R,WA,house,current,False,2025,https://disclosures-clerk.house.gov/public_disc/financial-pdfs/2025/10078107.pdf,,
Nickel,Wiley,D,NC,house,past,False,2023,https://disclosures-clerk.house.gov/public_disc/financial-pdfs/2023/10060464.pdf,,
Norcross,Donald,D,NJ,house,current,False,2025,https://disclosures-clerk.house.gov/public_disc/financial-pdfs/2025/10075122.pdf,,
Norman,Ralph,R,SC,house,current,False,2025,https://disclosures-clerk.house.gov/public_disc/financial-pdfs/2025/10075380.pdf,,
Norton,Eleanor Holmes,D,DC,house,current,False,2025,https://disclosures-clerk.house.gov/public_disc/financial-pdfs/2025/10076125.pdf,,
Nunn,Zachary,R,IA,house,current,False,2025,https://disclosures-clerk.house.gov/public_disc/financial-pdfs/2025/10075011.pdf,,
Obernolte,Jay,R,CA,house,current,False,2025,https://disclosures-clerk.house.gov/public_disc/financial-pdfs/2025/10075438.pdf,,
Ocasio-Cortez,Alexandria,D,NY,house,current,False,2025,https://disclosures-clerk.house.gov/public_disc/financial-pdfs/2025/10076462.pdf,,
Ogles,Andrew,R,TN,house,current,False,2025,https://disclosures-clerk.house.gov/public_disc/financial-pdfs/2025/10081421.pdf,,
Olszewski,Johnny,D,MD,house,current,False,2025,https://disclosures-clerk.house.gov/public_disc/financial-pdfs/2025/10075628.pdf,,
Omar,Ilhan,D,MN,house,current,False,2025,https://disclosures-clerk.house.gov/public_disc/financial-pdfs/2025/10077400.pdf,,
Onder,Robert F.,R,MO,house,current,False,2025,https://disclosures-clerk.house.gov/public_disc/financial-pdfs/2025/10076829.pdf,,
Ossoff,Jon,D,GA,senate,current,False,2026,https://efdsearch.senate.gov/search/view/annual/9af964b6-5eba-41e6-87fb-d6651c5b90b0/,,
Owens,Burgess,R,UT,house,current,False,2025,https://disclosures-clerk.house.gov/public_disc/financial-pdfs/2025/9116274.pdf,,
Padilla,Alex,D,CA,senate,current,False,2026,https://efdsearch.senate.gov/search/view/annual/806e424b-fa67-4612-8452-5a0e571a0e95/,,
Pallone,Frank,D,NJ,house,current,False,2025,https://disclosures-clerk.house.gov/public_disc/financial-pdfs/2025/10075741.pdf,,
Palmer,Gary J.,R,AL,house,current,False,2025,https://disclosures-clerk.house.gov/public_disc/financial-pdfs/2025/10075305.pdf,,
Panetta,Jimmy,D,CA,house,current,False,2025,https://disclosures-clerk.house.gov/public_disc/financial-pdfs/2025/10074944.pdf,,
Pappas,Chris,D,NH,house,current,False,2025,https://disclosures-clerk.house.gov/public_disc/financial-pdfs/2025/10077615.pdf,,
Paul,Rand,R,KY,senate,current,False,2026,https://efdsearch.senate.gov/search/view/annual/8c6992f9-73e3-474a-9ac3-a1a172b44a25/,,
Paulina Luna,Anna,R,FL,house,current,False,2025,https://disclosures-clerk.house.gov/public_disc/financial-pdfs/2025/10076371.pdf,,
Peltola,Mary Sattler,D,AK,house,past,False,2023,https://disclosures-clerk.house.gov/public_disc/financial-pdfs/2023/10060548.pdf,,
Pence,Greg,R,IN,house,past,False,2023,https://disclosures-clerk.house.gov/public_disc/financial-pdfs/2023/10059309.pdf,,
Perry,Scott,R,PA,house,current,False,2025,https://disclosures-clerk.house.gov/public_disc/financial-pdfs/2025/10075876.pdf,,
Peters,Gary C.,D,MI,senate,current,False,2026,https://efdsearch.senate.gov/search/view/annual/566928d7-9094-4a22-aa48-350874c62259/,,
Peters,Scott H.,D,CA,house,current,False,2025,https://disclosures-clerk.house.gov/public_disc/financial-pdfs/2025/10076386.pdf,,
Pettersen,Brittany,D,CO,house,current,False,2025,https://disclosures-clerk.house.gov/public_disc/financial-pdfs/2025/10077057.pdf,,
Pfluger,August,R,TX,house,current,False,2025,https://disclosures-clerk.house.gov/public_disc/financial-pdfs/2025/10075620.pdf,,
Phillips,Dean,D,MN,house,past,False,2023,https://disclosures-clerk.house.gov/public_disc/financial-pdfs/2023/10057744.pdf,,
Pingree,Chellie,D,ME,house,current,False,2025,https://disclosures-clerk.house.gov/public_disc/financial-pdfs/2025/10077435.pdf,,
Plaskett,Stacey E.,D,VI,house,current,False,2025,https://disclosures-clerk.house.gov/public_disc/financial-pdfs/2025/10082756.pdf,,
Pocan,Mark,D,WI,house,current,False,2025,https://disclosures-clerk.house.gov/public_disc/financial-pdfs/2025/10077611.pdf,,
Porter,Katie,D,CA,house,past,False,2023,https://disclosures-clerk.house.gov/public_disc/financial-pdfs/2023/10060103.pdf,,
Posey,Bill,R,FL,house,past,False,2023,https://disclosures-clerk.house.gov/public_disc/financial-pdfs/2023/8220468.pdf,,
Pou,Nellie,D,NJ,house,current,False,2025,https://disclosures-clerk.house.gov/public_disc/financial-pdfs/2025/10077198.pdf,,
Pressley,Ayanna,D,MA,house,current,False,2025,https://disclosures-clerk.house.gov/public_disc/financial-pdfs/2025/10078418.pdf,,
Quigley,Mike,D,IL,house,current,False,2025,https://disclosures-clerk.house.gov/public_disc/financial-pdfs/2025/9116166.pdf,,
Radewagen,Aumua Amata Coleman,R,AS,house,current,False,2023,https://disclosures-clerk.house.gov/public_disc/financial-pdfs/2023/10059318.pdf,,
Ramirez,Delia C.,D,IL,house,current,False,2025,https://disclosures-clerk.house.gov/public_disc/financial-pdfs/2025/10075093.pdf,,
Randall,Emily,D,WA,house,current,False,2025,https://disclosures-clerk.house.gov/public_disc/financial-pdfs/2025/10076237.pdf,,
Raskin,Jamie,D,MD,house,current,False,2025,https://disclosures-clerk.house.gov/public_disc/financial-pdfs/2025/10076353.pdf,,
Reed,Jack,D,RI,senate,current,False,2026,https://efdsearch.senate.gov/search/view/annual/77ae8202-f38d-4fc2-918d-c7a626b5c95c/,,
Ricketts,Pete,R,NE,senate,current,False,2026,https://efdsearch.senate.gov/search/view/annual/a8d4d3ca-b222-4c06-ae91-8b3b73686894/,,
Riley,Josh,D,NY,house,current,False,2025,https://disclosures-clerk.house.gov/public_disc/financial-pdfs/2025/10074651.pdf,,
Risch,James E.,R,ID,senate,current,False,2026,https://efdsearch.senate.gov/search/view/annual/8f5e80ee-e796-4a25-9bf4-b6ed4917c220/,,
Rivas,Luz M.,D,CA,house,current,False,2025,https://disclosures-clerk.house.gov/public_disc/financial-pdfs/2025/10081225.pdf,,
Rodgers,Cathy,R,WA,house,past,False,2023,https://disclosures-clerk.house.gov/public_disc/financial-pdfs/2023/10057665.pdf,,
Rogers,Harold,R,KY,house,current,False,2025,https://disclosures-clerk.house.gov/public_disc/financial-pdfs/2025/9116232.pdf,,
Rogers,Mike D.,R,AL,house,current,False,2025,https://disclosures-clerk.house.gov/public_disc/financial-pdfs/2025/9116167.pdf,,
Romney,Mitt,R,UT,senate,past,False,2024,https://efdsearch.senate.gov/search/view/annual/fe4735ee-8675-4ef8-9408-6c87340f1d81/,,
Rose,John W.,R,TN,house,current,False,2025,https://disclosures-clerk.house.gov/public_disc/financial-pdfs/2025/10075338.pdf,,
Rosen,Jacky,D,NV,senate,current,False,2026,https://efdsearch.senate.gov/search/view/annual/ec5ae954-7967-45bf-8778-e7aa49a05c93/,,
Rosendale,Matthew M.,R,MT,house,past,False,2023,https://disclosures-clerk.house.gov/public_disc/financial-pdfs/2023/10059430.pdf,,
Ross,Deborah K.,D,NC,house,current,False,2025,https://disclosures-clerk.house.gov/public_disc/financial-pdfs/2025/10074987.pdf,,
Rounds,Mike,R,SD,senate,current,False,2026,https://efdsearch.senate.gov/search/view/annual/d383b64d-7a33-4ac0-b049-8f04bdeeb6a0/,,
Rouzer,David,R,NC,house,current,False,2025,https://disclosures-clerk.house.gov/public_disc/financial-pdfs/2025/10081433.pdf,,
Roy,Chip,R,TX,house,current,False,2025,https://disclosures-clerk.house.gov/public_disc/financial-pdfs/2025/10077199.pdf,,
Rubio,Marco,R,FL,senate,past,False,2024,https://efdsearch.senate.gov/search/view/annual/45f8d47c-fa4b-4a5d-b810-33bf8e7e521b/,,
Ruiz,Raul,D,CA,house,current,False,2025,https://disclosures-clerk.house.gov/public_disc/financial-pdfs/2025/10076447.pdf,,
Rulli,Michael A.,R,OH,house,current,False,2025,https://disclosures-clerk.house.gov/public_disc/financial-pdfs/2025/10081567.pdf,,
Ruppersberger,C. A. Dutch,D,MD,house,past,False,2023,https://disclosures-clerk.house.gov/public_disc/financial-pdfs/2023/10058985.pdf,,
Rutherford,John H.,R,FL,house,current,False,2025,https://disclosures-clerk.house.gov/public_disc/financial-pdfs/2025/10076796.pdf,,
Ryan,Patrick,D,NY,house,current,False,2025,https://disclosures-clerk.house.gov/public_disc/financial-pdfs/2025/10074808.pdf,,
Sablan,Gregorio Kilili Camacho,D,MP,house,past,False,2023,https://disclosures-clerk.house.gov/public_disc/financial-pdfs/2023/10057550.pdf,,
Salazar,Maria Elvira,R,FL,house,current,False,2025,https://disclosures-clerk.house.gov/public_disc/financial-pdfs/2025/10075495.pdf,,
Salinas,Andrea,D,OR,house,current,False,2025,https://disclosures-clerk.house.gov/public_disc/financial-pdfs/2025/10075989.pdf,,
Sanchez,Linda T.,D,CA,house,current,False,2025,https://disclosures-clerk.house.gov/public_disc/financial-pdfs/2025/10077966.pdf,,
Sanders,Bernard,I,VT,senate,current,False,2026,https://efdsearch.senate.gov/search/view/annual/81060eb2-fc35-4a8c-857d-3220cf411b9b/,,
Sarbanes,John P.,D,MD,house,past,False,2023,https://disclosures-clerk.house.gov/public_disc/financial-pdfs/2023/10060024.pdf,,
Scalise,Steve,R,LA,house,current,False,2025,https://disclosures-clerk.house.gov/public_disc/financial-pdfs/2025/10075779.pdf,,
Scanlon,Mary Gay,D,PA,house,current,False,2025,https://disclosures-clerk.house.gov/public_disc/financial-pdfs/2025/10075774.pdf,,
Schakowsky,Janice D.,D,IL,house,current,False,2025,https://disclosures-clerk.house.gov/public_disc/financial-pdfs/2025/10076627.pdf,,
Schatz,Brian,D,HI,senate,current,False,2026,https://efdsearch.senate.gov/search/view/annual/4fde18b9-6e75-4517-87f2-a623802662d2/,,
Schiff,Adam B.,D,CA,senate,current,False,2026,https://efdsearch.senate.gov/search/view/annual/0ced71f1-1a11-48aa-87da-f6ed733836b8/,,
Schmidt,Derek,R,KS,house,current,False,2025,https://disclosures-clerk.house.gov/public_disc/financial-pdfs/2025/10076041.pdf,,
Schmitt,Eric,R,MO,senate,current,False,2026,https://efdsearch.senate.gov/search/view/annual/31354819-3a2e-4164-997f-e8327782f4b1/,,
Schneider,Bradley Scott,D,IL,house,current,False,2025,https://disclosures-clerk.house.gov/public_disc/financial-pdfs/2025/10075108.pdf,,
Scholten,Hillary J.,D,MI,house,current,False,2025,https://disclosures-clerk.house.gov/public_disc/financial-pdfs/2025/10075605.pdf,,
Schrier,Kim,D,WA,house,current,False,2025,https://disclosures-clerk.house.gov/public_disc/financial-pdfs/2025/10075089.pdf,,
Schumer,Charles E.,D,NY,senate,current,False,2026,https://efdsearch.senate.gov/search/view/annual/6fea64b8-6c11-41ee-b5a1-61dae7d03775/,,
Schweikert,David,R,AZ,house,current,False,2025,https://disclosures-clerk.house.gov/public_disc/financial-pdfs/2025/10077931.pdf,,
Scott,Austin,R,GA,house,current,False,2025,https://disclosures-clerk.house.gov/public_disc/financial-pdfs/2025/10078163.pdf,,
Scott,David,D,GA,house,past,False,2024,https://disclosures-clerk.house.gov/public_disc/financial-pdfs/2024/10068497.pdf,,
Scott,Rick,R,FL,senate,current,False,2026,https://efdsearch.senate.gov/search/view/annual/cd708d06-e253-444b-aebd-9fd547156da9/,,
Scott,"Robert C. ""Bobby""",D,VA,house,current,False,2025,https://disclosures-clerk.house.gov/public_disc/financial-pdfs/2025/10077012.pdf,,
Scott,Tim,R,SC,senate,current,False,2026,https://efdsearch.senate.gov/search/view/annual/516c1638-5b26-4a14-99be-d89c1b426839/,,
Self,Keith,R,TX,house,current,False,2025,https://disclosures-clerk.house.gov/public_disc/financial-pdfs/2025/9116196.pdf,,
Sessions,Pete,R,TX,house,current,False,2025,https://disclosures-clerk.house.gov/public_disc/financial-pdfs/2025/10075867.pdf,,
Sewell,Terri A.,D,AL,house,current,False,2025,https://disclosures-clerk.house.gov/public_disc/financial-pdfs/2025/10081495.pdf,,
Shaheen,Jeanne,D,NH,senate,current,False,2026,https://efdsearch.senate.gov/search/view/annual/61bb8328-a6ca-4995-8677-453290aef6c4/,,
Sherman,Brad,D,CA,house,current,False,2025,https://disclosures-clerk.house.gov/public_disc/financial-pdfs/2025/9116209.pdf,,
Sherrill,Mikie,D,NJ,house,past,False,2024,https://disclosures-clerk.house.gov/public_disc/financial-pdfs/2024/10067322.pdf,,
Shreve,Jefferson,R,IN,house,current,False,2025,https://disclosures-clerk.house.gov/public_disc/financial-pdfs/2025/10075352.pdf,,
Simon,Lateefah,D,CA,house,current,False,2025,https://disclosures-clerk.house.gov/public_disc/financial-pdfs/2025/10075192.pdf,,
Simpson,Michael K.,R,ID,house,current,False,2025,https://disclosures-clerk.house.gov/public_disc/financial-pdfs/2025/10075431.pdf,,
Sinema,Kyrsten,I,AZ,senate,past,False,2024,https://efdsearch.senate.gov/search/view/annual/eb37d9be-fe95-4680-a93d-8e22b7f887cc/,,
Slotkin,Elissa,D,MI,senate,current,False,2026,https://efdsearch.senate.gov/search/view/annual/b95f9a8b-a8d3-4de2-a433-661b4ff040b0/,,
Smith,Adam,D,WA,house,current,False,2025,https://disclosures-clerk.house.gov/public_disc/financial-pdfs/2025/10075631.pdf,,
Smith,Christopher H.,R,NJ,house,current,False,2025,https://disclosures-clerk.house.gov/public_disc/financial-pdfs/2025/10077869.pdf,,
Smith,Jason,R,MO,house,current,False,2025,https://disclosures-clerk.house.gov/public_disc/financial-pdfs/2025/10078389.pdf,,
Smith,Tina,D,MN,senate,current,False,2026,https://efdsearch.senate.gov/search/view/annual/04fa0049-312f-4789-bdd1-1c8fa59a599f/,,
Smucker,Lloyd,R,PA,house,current,False,2025,https://disclosures-clerk.house.gov/public_disc/financial-pdfs/2025/10077933.pdf,,
Sorensen,Eric,D,IL,house,current,False,2025,https://disclosures-clerk.house.gov/public_disc/financial-pdfs/2025/10074927.pdf,,
Soto,Darren,D,FL,house,current,False,2025,https://disclosures-clerk.house.gov/public_disc/financial-pdfs/2025/10077158.pdf,,
Spanberger,Abigail Davis,D,VA,house,past,False,2023,https://disclosures-clerk.house.gov/public_disc/financial-pdfs/2023/10058906.pdf,,
Spartz,Victoria,R,IN,house,current,False,2025,https://disclosures-clerk.house.gov/public_disc/financial-pdfs/2025/10077259.pdf,,
Stabenow,Debbie,D,MI,senate,past,False,2024,https://efdsearch.senate.gov/search/view/annual/2a07642e-57d6-482c-abf1-71b5416afa66/,,
Stansbury,Melanie A.,D,NM,house,current,False,2025,https://disclosures-clerk.house.gov/public_disc/financial-pdfs/2025/10077139.pdf,,
Stanton,Greg,D,AZ,house,current,False,2025,https://disclosures-clerk.house.gov/public_disc/financial-pdfs/2025/10077484.pdf,,
Stauber,Pete,R,MN,house,current,False,2025,https://disclosures-clerk.house.gov/public_disc/financial-pdfs/2025/10075454.pdf,,
Steel,Michelle,R,CA,house,past,False,2023,https://disclosures-clerk.house.gov/public_disc/financial-pdfs/2023/10060211.pdf,,
Stefanik,Elise M.,R,NY,house,current,False,2025,https://disclosures-clerk.house.gov/public_disc/financial-pdfs/2025/9116231.pdf,,
Steil,Bryan,R,WI,house,current,False,2025,https://disclosures-clerk.house.gov/public_disc/financial-pdfs/2025/10075925.pdf,,
Steube,W. Gregory,R,FL,house,current,False,2025,https://disclosures-clerk.house.gov/public_disc/financial-pdfs/2025/10075309.pdf,,
Stevens,Haley M.,D,MI,house,current,False,2025,https://disclosures-clerk.house.gov/public_disc/financial-pdfs/2025/10075421.pdf,,
Strickland,Marilyn,D,WA,house,current,False,2025,https://disclosures-clerk.house.gov/public_disc/financial-pdfs/2025/10076603.pdf,,
Strong,Dale W.,R,AL,house,current,False,2025,https://disclosures-clerk.house.gov/public_disc/financial-pdfs/2025/10074989.pdf,,
Stutzman,Marlin A.,R,IN,house,current,False,2025,https://disclosures-clerk.house.gov/public_disc/financial-pdfs/2025/10081587.pdf,,
Subramanyam,Suhas,D,VA,house,current,False,2025,https://disclosures-clerk.house.gov/public_disc/financial-pdfs/2025/10078081.pdf,,
Sullivan,Dan,R,AK,senate,current,False,2026,https://efdsearch.senate.gov/search/view/annual/40eb03a2-e2c5-48a5-8834-05cdb32b29d6/,,
Suozzi,Thomas R.,D,NY,house,current,False,2025,https://disclosures-clerk.house.gov/public_disc/financial-pdfs/2025/10077078.pdf,,
Swalwell,Eric,D,CA,house,past,False,2024,https://disclosures-clerk.house.gov/public_disc/financial-pdfs/2024/10066827.pdf,,
Sykes,Emilia Strong,D,OH,house,current,False,2025,https://disclosures-clerk.house.gov/public_disc/financial-pdfs/2025/10076112.pdf,,
Takano,Mark,D,CA,house,current,False,2025,https://disclosures-clerk.house.gov/public_disc/financial-pdfs/2025/10076332.pdf,,
Taylor,David J.,R,OH,house,current,False,2025,https://disclosures-clerk.house.gov/public_disc/financial-pdfs/2025/10075596.pdf,,
Tenney,Claudia,R,NY,house,current,False,2025,https://disclosures-clerk.house.gov/public_disc/financial-pdfs/2025/10076400.pdf,,
Tester,Jon,D,MT,senate,past,False,2024,https://efdsearch.senate.gov/search/view/annual/d8a0617f-2a28-465f-933c-21f67dbdce0d/,,
Thompson,Bennie G.,D,MS,house,current,False,2025,https://disclosures-clerk.house.gov/public_disc/financial-pdfs/2025/10075892.pdf,,
Thompson,Glenn,R,PA,house,current,False,2025,https://disclosures-clerk.house.gov/public_disc/financial-pdfs/2025/10076978.pdf,,
Thompson,Mike,D,CA,house,current,False,2025,https://disclosures-clerk.house.gov/public_disc/financial-pdfs/2025/9116168.pdf,,
Thune,John,R,SD,senate,current,False,2026,https://efdsearch.senate.gov/search/view/annual/8fce71cc-45f5-4ef0-978e-b57a9aa39037/,,
Tiffany,Thomas P.,R,WI,house,current,False,2025,https://disclosures-clerk.house.gov/public_disc/financial-pdfs/2025/10076532.pdf,,
Tillis,Thomas,R,NC,senate,current,False,2026,https://efdsearch.senate.gov/search/view/annual/33b5d7d8-3980-4062-be85-bb00ca02d0bd/,,
Timmons,William R.,R,SC,house,current,False,2025,https://disclosures-clerk.house.gov/public_disc/financial-pdfs/2025/10076954.pdf,,
Titus,Dina,D,NV,house,current,False,2025,https://disclosures-clerk.house.gov/public_disc/financial-pdfs/2025/9116309.pdf,,
Tokuda,Jill N.,D,HI,house,current,False,2025,https://disclosures-clerk.house.gov/public_disc/financial-pdfs/2025/10076318.pdf,,
Tonko,Paul,D,NY,house,current,False,2025,https://disclosures-clerk.house.gov/public_disc/financial-pdfs/2025/10077091.pdf,,
Torres,Norma J.,D,CA,house,current,False,2025,https://disclosures-clerk.house.gov/public_disc/financial-pdfs/2025/10075170.pdf,,
Torres,Ritchie,D,NY,house,current,False,2025,https://disclosures-clerk.house.gov/public_disc/financial-pdfs/2025/10078169.pdf,,
Trahan,Lori,D,MA,house,current,False,2025,https://disclosures-clerk.house.gov/public_disc/financial-pdfs/2025/10075586.pdf,,
Trone,David J.,D,MD,house,past,False,2023,https://disclosures-clerk.house.gov/public_disc/financial-pdfs/2023/10059089.pdf,,
Tuberville,Tommy,R,AL,senate,current,False,2026,https://efdsearch.senate.gov/search/view/annual/d4f1a4cf-d450-4f9f-bfaf-c98e41066c2b/,,
Turner,Michael R.,R,OH,house,current,False,2025,https://disclosures-clerk.house.gov/public_disc/financial-pdfs/2025/10075610.pdf,,
Underwood,Lauren,D,IL,house,current,False,2025,https://disclosures-clerk.house.gov/public_disc/financial-pdfs/2025/10075904.pdf,,
Valadao,David G.,R,CA,house,current,False,2025,https://disclosures-clerk.house.gov/public_disc/financial-pdfs/2025/10075195.pdf,,
Van Duyne,Beth,R,TX,house,current,False,2025,https://disclosures-clerk.house.gov/public_disc/financial-pdfs/2025/10081582.pdf,,
Van Epps,Matt,R,TN,house,current,False,2026,https://disclosures-clerk.house.gov/public_disc/financial-pdfs/2026/10079856.pdf,,
Van Hollen,Chris,D,MD,senate,current,False,2026,https://efdsearch.senate.gov/search/view/annual/6ed20a5a-0c96-427f-a6cc-a91fae626c30/,,
Van Orden,Derrick,R,WI,house,current,False,2025,https://disclosures-clerk.house.gov/public_disc/financial-pdfs/2025/10077672.pdf,,
Vargas,Juan,D,CA,house,current,False,2025,https://disclosures-clerk.house.gov/public_disc/financial-pdfs/2025/10077073.pdf,,
Vasquez,Gabe,D,NM,house,current,False,2025,https://disclosures-clerk.house.gov/public_disc/financial-pdfs/2025/10077180.pdf,,
Veasey,Marc A.,D,TX,house,current,False,2025,https://disclosures-clerk.house.gov/public_disc/financial-pdfs/2025/10074876.pdf,,
Velázquez,Nydia M.,D,NY,house,current,False,2025,https://disclosures-clerk.house.gov/public_disc/financial-pdfs/2025/10077087.pdf,,
Vindman,Eugene Simon,D,VA,house,current,False,2025,https://disclosures-clerk.house.gov/public_disc/financial-pdfs/2025/10074947.pdf,,
Wagner,Ann,R,MO,house,current,False,2025,https://disclosures-clerk.house.gov/public_disc/financial-pdfs/2025/10075727.pdf,,
Walberg,Tim,R,MI,house,current,False,2025,https://disclosures-clerk.house.gov/public_disc/financial-pdfs/2025/10076315.pdf,,
Walkinshaw,James R.,D,VA,house,current,False,2025,https://disclosures-clerk.house.gov/public_disc/financial-pdfs/2025/10075460.pdf,,
Warner,Mark R.,D,VA,senate,current,False,2026,https://efdsearch.senate.gov/search/view/annual/2140b571-f1a6-4ace-af24-4be351a1a5bf/,,
Warnock,Raphael G.,D,GA,senate,current,False,2026,https://efdsearch.senate.gov/search/view/annual/8feb7643-0640-4e2f-b985-3d0a6d7e6433/,,
Warren,Elizabeth,D,MA,senate,current,False,2026,https://efdsearch.senate.gov/search/view/annual/5ba78cce-ea42-4909-93e4-d6c2585ffb26/,,
Wasserman Schultz,Debbie,D,FL,house,current,False,2025,https://disclosures-clerk.house.gov/public_disc/financial-pdfs/2025/10081126.pdf,,
Waters,Maxine,D,CA,house,current,False,2025,https://disclosures-clerk.house.gov/public_disc/financial-pdfs/2025/10076919.pdf,,
Weber,Randy K. Sr.,R,TX,house,current,False,2025,https://disclosures-clerk.house.gov/public_disc/financial-pdfs/2025/10076968.pdf,,
Webster,Daniel,R,FL,house,current,False,2025,https://disclosures-clerk.house.gov/public_disc/financial-pdfs/2025/10076872.pdf,,
Welch,Peter,D,VT,senate,current,False,2026,https://efdsearch.senate.gov/search/view/annual/8b99ebb2-80fa-402a-b4cf-db7ec88b333b/,,
Wenstrup,Brad R.,R,OH,house,past,False,2023,https://disclosures-clerk.house.gov/public_disc/financial-pdfs/2023/10059617.pdf,,
Westerman,Bruce,R,AR,house,current,False,2025,https://disclosures-clerk.house.gov/public_disc/financial-pdfs/2025/10075479.pdf,,
Wexton,Jennifer,D,VA,house,past,False,2023,https://disclosures-clerk.house.gov/public_disc/financial-pdfs/2023/10061314.pdf,,
Whitehouse,Sheldon,D,RI,senate,current,False,2026,https://efdsearch.senate.gov/search/view/annual/6c73943b-bc2e-46d8-8a6b-2e77768a24c8/,,
Whitesides,George,D,CA,house,current,False,2025,https://disclosures-clerk.house.gov/public_disc/financial-pdfs/2025/9116304.pdf,,
Wicker,Roger F.,R,MS,senate,current,False,2026,https://efdsearch.senate.gov/search/view/annual/1840537e-8d5f-4d36-b33d-1b79bfd4a1ad/,,
Wied,Tony,R,WI,house,current,False,2025,https://disclosures-clerk.house.gov/public_disc/financial-pdfs/2025/10076758.pdf,,
Wild,Susan,D,PA,house,past,False,2023,https://disclosures-clerk.house.gov/public_disc/financial-pdfs/2023/10060924.pdf,,
Williams,Brandon,R,NY,house,past,False,2023,https://disclosures-clerk.house.gov/public_disc/financial-pdfs/2023/10061243.pdf,,
Williams,Nikema,D,GA,house,current,False,2025,https://disclosures-clerk.house.gov/public_disc/financial-pdfs/2025/10078096.pdf,,
Williams,Roger,R,TX,house,current,False,2025,https://disclosures-clerk.house.gov/public_disc/financial-pdfs/2025/10076385.pdf,,
Wilson,Frederica S.,D,FL,house,current,False,2025,https://disclosures-clerk.house.gov/public_disc/financial-pdfs/2025/10077391.pdf,,
Wilson,Joe,R,SC,house,current,False,2025,https://disclosures-clerk.house.gov/public_disc/financial-pdfs/2025/10075469.pdf,,
Wittman,Robert J.,R,VA,house,current,False,2025,https://disclosures-clerk.house.gov/public_disc/financial-pdfs/2025/10077609.pdf,,
Womack,Steve,R,AR,house,current,False,2025,https://disclosures-clerk.house.gov/public_disc/financial-pdfs/2025/10076686.pdf,,
Wyden,Ron,D,OR,senate,current,False,2026,https://efdsearch.senate.gov/search/view/annual/d7b3bb0a-8741-4b66-9a0c-73be372bc8b3/,,
Yakym,Rudy,R,IN,house,current,False,2025,https://disclosures-clerk.house.gov/public_disc/financial-pdfs/2025/10075193.pdf,,
Young,Todd,R,IN,senate,current,False,2026,https://efdsearch.senate.gov/search/view/annual/9bbf2f7c-29b1-40a3-9731-81d7ccc10da9/,,
Zinke,Ryan K.,R,MT,house,current,False,2025,https://disclosures-clerk.house.gov/public_disc/financial-pdfs/2025/10076292.pdf,,
